-- MySQL dump 10.13  Distrib 8.0.31, for Win64 (x86_64)
--
-- Host: localhost    Database: musicdb
-- ------------------------------------------------------
-- Server version	5.7.40-log

/*!40101 SET @OLD_CHARACTER_SET_CLIENT=@@CHARACTER_SET_CLIENT */;
/*!40101 SET @OLD_CHARACTER_SET_RESULTS=@@CHARACTER_SET_RESULTS */;
/*!40101 SET @OLD_COLLATION_CONNECTION=@@COLLATION_CONNECTION */;
/*!50503 SET NAMES utf8 */;
/*!40103 SET @OLD_TIME_ZONE=@@TIME_ZONE */;
/*!40103 SET TIME_ZONE='+00:00' */;
/*!40014 SET @OLD_UNIQUE_CHECKS=@@UNIQUE_CHECKS, UNIQUE_CHECKS=0 */;
/*!40014 SET @OLD_FOREIGN_KEY_CHECKS=@@FOREIGN_KEY_CHECKS, FOREIGN_KEY_CHECKS=0 */;
/*!40101 SET @OLD_SQL_MODE=@@SQL_MODE, SQL_MODE='NO_AUTO_VALUE_ON_ZERO' */;
/*!40111 SET @OLD_SQL_NOTES=@@SQL_NOTES, SQL_NOTES=0 */;

--
-- Table structure for table `commission`
--

DROP TABLE IF EXISTS `commission`;
/*!40101 SET @saved_cs_client     = @@character_set_client */;
/*!50503 SET character_set_client = utf8mb4 */;
CREATE TABLE `commission` (
  `c_idx` int(11) NOT NULL AUTO_INCREMENT COMMENT '파트너 상세페이지 인덱스',
  `user_id1` varchar(100) NOT NULL COMMENT '유저 1',
  `user_id2` varchar(100) NOT NULL COMMENT '유저 2',
  `c_money` int(11) NOT NULL COMMENT '예치금',
  `deleted_yn` tinyint(1) NOT NULL DEFAULT '0' COMMENT '작업목록 삭제여부',
  `progress` tinyint(1) NOT NULL DEFAULT '0',
  PRIMARY KEY (`c_idx`)
) ENGINE=InnoDB AUTO_INCREMENT=12 DEFAULT CHARSET=utf8;
/*!40101 SET character_set_client = @saved_cs_client */;

--
-- Dumping data for table `commission`
--

LOCK TABLES `commission` WRITE;
/*!40000 ALTER TABLE `commission` DISABLE KEYS */;
INSERT INTO `commission` VALUES (1,'test','tester1',2500,1,1),(2,'tester1','test',2500,1,1),(3,'test','tester1',1000,1,1),(4,'tester1','test',2000,1,1),(5,'tester1','test',1500,1,1),(6,'test','tester1',0,0,1),(7,'tester1','test',1000,0,1),(8,'tester1','test',0,0,1),(9,'test','aaa123',0,0,1),(10,'abc123','asd123',0,0,1),(11,'test','asd123',0,0,1);
/*!40000 ALTER TABLE `commission` ENABLE KEYS */;
UNLOCK TABLES;

--
-- Table structure for table `commission_comment`
--

DROP TABLE IF EXISTS `commission_comment`;
/*!40101 SET @saved_cs_client     = @@character_set_client */;
/*!50503 SET character_set_client = utf8mb4 */;
CREATE TABLE `commission_comment` (
  `cc_idx` int(11) NOT NULL AUTO_INCREMENT COMMENT '파트너 대댓글 인덱스',
  `user_id` varchar(100) NOT NULL COMMENT '대댓글 작성자',
  `cc_date` date NOT NULL COMMENT '대댓글 작성일',
  `cc_contents` varchar(300) NOT NULL COMMENT '대댓글 내용',
  `cd_idx` int(11) NOT NULL COMMENT '파트너 게시글 인덱스',
  PRIMARY KEY (`cc_idx`),
  KEY `cd_idx` (`cd_idx`),
  CONSTRAINT `commission_comment_ibfk_1` FOREIGN KEY (`cd_idx`) REFERENCES `commission_detail` (`cd_idx`)
) ENGINE=InnoDB AUTO_INCREMENT=3 DEFAULT CHARSET=utf8;
/*!40101 SET character_set_client = @saved_cs_client */;

--
-- Dumping data for table `commission_comment`
--

LOCK TABLES `commission_comment` WRITE;
/*!40000 ALTER TABLE `commission_comment` DISABLE KEYS */;
INSERT INTO `commission_comment` VALUES (1,'tester1','2025-10-09','오 좋은데요?',20),(2,'test','2025-10-21','good',2);
/*!40000 ALTER TABLE `commission_comment` ENABLE KEYS */;
UNLOCK TABLES;

--
-- Table structure for table `commission_detail`
--

DROP TABLE IF EXISTS `commission_detail`;
/*!40101 SET @saved_cs_client     = @@character_set_client */;
/*!50503 SET character_set_client = utf8mb4 */;
CREATE TABLE `commission_detail` (
  `cd_idx` int(11) NOT NULL AUTO_INCREMENT COMMENT '파트너 게시글 인덱스',
  `cd_comment` varchar(2000) NOT NULL COMMENT '게시글',
  `cd_date` date NOT NULL COMMENT '게시글 작성일',
  `user_id` varchar(100) NOT NULL COMMENT '작성자',
  `c_idx` int(11) NOT NULL COMMENT '파트너 상세페이지 인덱스',
  `cd_file` varchar(300) DEFAULT NULL COMMENT '첨부파일',
  `deleted_yn` tinyint(4) NOT NULL DEFAULT '0',
  PRIMARY KEY (`cd_idx`),
  KEY `c_idx` (`c_idx`),
  CONSTRAINT `commission_detail_ibfk_1` FOREIGN KEY (`c_idx`) REFERENCES `commission` (`c_idx`)
) ENGINE=InnoDB AUTO_INCREMENT=12 DEFAULT CHARSET=utf8;
/*!40101 SET character_set_client = @saved_cs_client */;

--
-- Dumping data for table `commission_detail`
--

LOCK TABLES `commission_detail` WRITE;
/*!40000 ALTER TABLE `commission_detail` DISABLE KEYS */;
INSERT INTO `commission_detail` VALUES (1,'111','2025-10-20','test',2,'129e4ee7-8b05-4b4c-9381-175addfba4e8',0),(2,'어때요','2025-10-21','tester1',3,'66528700-8f86-4b76-afb7-949fb4f83bab',0),(3,'d','2025-10-21','test',4,'4221b346-231e-4def-bb0f-e29b0c8284a2',0),(4,'','2025-10-21','test',5,'b4852365-4ac8-4bcb-9f05-b7b80b9611f4',0),(5,'ㅇㅇ','2025-10-21','tester1',6,'442fc948-295d-40d1-8b2a-9c448e6c9602',0),(6,'','2025-10-21','test',7,'c27a11db-9bb0-4726-95db-1d9a5ed55b6c',0),(7,'','2025-10-21','test',8,'a3e1a120-dbc3-4f08-bdb1-b71277f310bb',0),(8,'ss','2025-10-22','test',9,'b316706a-26c3-4fd5-b229-da90d5ae95aa',0),(9,'ㅇㅇ','2025-10-22','aaa123',9,'e50d8466-5761-4298-bd3f-7a74c9f8feaf',0),(10,'good?','2025-10-22','asd123',10,'45963d10-7be6-4dd7-87a6-16288af02e1a',0),(11,'ss','2025-10-27','asd123',11,'0286fd70-b405-466a-b190-cb1adb365590',0);
/*!40000 ALTER TABLE `commission_detail` ENABLE KEYS */;
UNLOCK TABLES;

--
-- Table structure for table `composer_request`
--

DROP TABLE IF EXISTS `composer_request`;
/*!40101 SET @saved_cs_client     = @@character_set_client */;
/*!50503 SET character_set_client = utf8mb4 */;
CREATE TABLE `composer_request` (
  `cr_idx` int(11) NOT NULL AUTO_INCREMENT COMMENT '파트너 인덱스',
  `cr_title` varchar(100) NOT NULL COMMENT '파트너 제목',
  `cr_contents` varchar(100) NOT NULL COMMENT '상세 구인',
  `user_id` varchar(100) NOT NULL COMMENT '작성자 아이디',
  `cr_photo` varchar(100) NOT NULL COMMENT '사진',
  `cr_money` int(11) NOT NULL COMMENT '금액',
  `cr_start_date` date NOT NULL COMMENT '기간',
  `cr_end_date` date DEFAULT NULL,
  `deleted_yn` tinyint(4) NOT NULL DEFAULT '0',
  `created_dt` date DEFAULT NULL,
  PRIMARY KEY (`cr_idx`),
  KEY `user_id` (`user_id`),
  CONSTRAINT `composer_request_ibfk_1` FOREIGN KEY (`user_id`) REFERENCES `users` (`user_id`)
) ENGINE=InnoDB AUTO_INCREMENT=18 DEFAULT CHARSET=utf8;
/*!40101 SET character_set_client = @saved_cs_client */;

--
-- Dumping data for table `composer_request`
--

LOCK TABLES `composer_request` WRITE;
/*!40000 ALTER TABLE `composer_request` DISABLE KEYS */;
INSERT INTO `composer_request` VALUES (1,'Test','베이스 연주 가능한 분 구합니다.','test','Screenshot_8.jpg',50000,'2025-10-01','2025-10-12',1,'2025-09-30'),(2,'걸작 한번 만들어보실분 ','관심있으신분 채팅주세요','tester1','Screenshot_10.jpg',1500,'2025-10-01','2025-10-31',1,'2025-10-01'),(3,'참여하실분 ? ㄱㄱ','rr','tester1','Screenshot_10.jpg',1500,'2025-10-01','2025-10-14',1,'2025-10-01'),(4,'블루스 함 땡기실 분?','고고','test','다운로드.jpg',2000,'2025-10-14','2025-10-31',1,'2025-10-14'),(5,'ㄱㄱㄱ','rr','test','다운로드 (1).jpg',1000,'2025-10-16','2025-10-18',1,'2025-10-16'),(6,'dd','rrrr','tester1','다운로드.jpg',500,'2025-10-16','2025-10-18',1,'2025-10-16'),(7,'1','11','test','다운로드 (1).jpg',1000,'2025-10-17','2025-10-18',0,'2025-10-17'),(8,'22','22','tester1','다운로드.jpg',1000,'2025-10-17','2025-10-18',0,'2025-10-17'),(9,'one more','rr','test','free-icon-musical-instrument-4419393.png',1500,'2025-10-21','2025-10-31',0,'2025-10-21'),(10,'ㅎㅎ','rr','tester1','free-icon-drums-4280787.png',500,'2025-10-21','2025-10-31',0,'2025-10-21'),(11,'sss','rr','tester1','Jazz.jfif',500,'2025-10-21','2025-10-22',0,'2025-10-21'),(12,'dsd','dd','test','free-icon-mp3-file-1784575.png',1000,'2025-10-21','2025-10-31',0,'2025-10-21'),(13,'ㅇㄴㅇㄴㅇ','d','tester1','Jazz.jfif',500,'2025-10-25','2025-10-28',0,'2025-10-21'),(14,'ㄴㅇㄴㅇ','dsd','tester1','다운로드.jpg',1000,'2025-10-21','2025-10-31',0,'2025-10-21'),(15,'ㅈㄷㄱ','dd','tester1','enter.png',1000,'2025-10-21','2025-10-25',0,'2025-10-21'),(16,'ㄴㄴ','dd','test','free-icon-music-store-8732133.png',1000,'2025-10-21','2025-11-06',0,'2025-10-21'),(17,'rrrr','rr','abc123','그림1.png',1000,'2025-10-22','2025-10-23',0,'2025-10-22');
/*!40000 ALTER TABLE `composer_request` ENABLE KEYS */;
UNLOCK TABLES;

--
-- Table structure for table `composer_request_tag`
--

DROP TABLE IF EXISTS `composer_request_tag`;
/*!40101 SET @saved_cs_client     = @@character_set_client */;
/*!50503 SET character_set_client = utf8mb4 */;
CREATE TABLE `composer_request_tag` (
  `crt_idx` int(11) NOT NULL AUTO_INCREMENT COMMENT '파트너 태그 인덱스',
  `crt_tag` varchar(100) NOT NULL COMMENT '파트너 태그',
  `cr_idx` int(11) NOT NULL COMMENT '파트너 인덱스',
  PRIMARY KEY (`crt_idx`),
  KEY `cr_idx` (`cr_idx`),
  CONSTRAINT `composer_request_tag_ibfk_1` FOREIGN KEY (`cr_idx`) REFERENCES `composer_request` (`cr_idx`)
) ENGINE=InnoDB AUTO_INCREMENT=42 DEFAULT CHARSET=utf8;
/*!40101 SET character_set_client = @saved_cs_client */;

--
-- Dumping data for table `composer_request_tag`
--

LOCK TABLES `composer_request_tag` WRITE;
/*!40000 ALTER TABLE `composer_request_tag` DISABLE KEYS */;
INSERT INTO `composer_request_tag` VALUES (1,'베이스기타',1),(2,'드럼',1),(3,'신디사이저',1),(4,'여성보컬',2),(5,'어쿠스틱기타',2),(6,'피아노',2),(7,'여성보컬',3),(8,'피아노',3),(9,'어쿠스틱기타',3),(10,'여성보컬',4),(11,'브라스',4),(12,'베이스기타',5),(13,'여성보컬',5),(14,'드럼',5),(15,'남성보컬',6),(16,'드럼',6),(17,'베이스기타',6),(18,'여성보컬',7),(19,'베이스기타',7),(20,'여성보컬',8),(21,'드럼',8),(22,'일렉기타',8),(23,'베이스기타',9),(24,'여성보컬',9),(25,'바이올린',10),(26,'여성보컬',10),(27,'베이스기타',10),(28,'여성보컬',11),(29,'남성보컬',12),(30,'드럼',12),(31,'신디사이저',13),(32,'콘트라베이스',13),(33,'여성보컬',14),(34,'남성보컬',14),(35,'드럼',15),(36,'일렉기타',15),(37,'여성보컬',16),(38,'남성보컬',16),(39,'드럼',16),(40,'남성보컬',17),(41,'여성보컬',17);
/*!40000 ALTER TABLE `composer_request_tag` ENABLE KEYS */;
UNLOCK TABLES;

--
-- Table structure for table `concert`
--

DROP TABLE IF EXISTS `concert`;
/*!40101 SET @saved_cs_client     = @@character_set_client */;
/*!50503 SET character_set_client = utf8mb4 */;
CREATE TABLE `concert` (
  `c_idx` int(11) NOT NULL AUTO_INCREMENT COMMENT '합주 인덱스',
  `c_title` varchar(100) NOT NULL COMMENT '합주 제목',
  `c_contents` varchar(100) NOT NULL COMMENT '합주 소개글',
  `c_writer` varchar(100) DEFAULT NULL,
  `c_photo` varchar(100) DEFAULT NULL,
  `c_date` varchar(100) DEFAULT NULL,
  PRIMARY KEY (`c_idx`)
) ENGINE=InnoDB AUTO_INCREMENT=28 DEFAULT CHARSET=utf8;
/*!40101 SET character_set_client = @saved_cs_client */;

--
-- Dumping data for table `concert`
--

LOCK TABLES `concert` WRITE;
/*!40000 ALTER TABLE `concert` DISABLE KEYS */;
INSERT INTO `concert` VALUES (1,'Jazz 만들어봐요','같이 Jazz 만들어봐요','test',NULL,NULL),(2,'JAZZ ㄱㄱ','jazz 덕후분들 ㄱㄱ','test',NULL,NULL),(3,'Jazz 덕후 모여라','합주 함 ㄱㄱ합시다.','test',NULL,NULL),(4,'test','test','test','1789aeb0-cab3-4192-bf0c-e62c0845c2a6.jpg',NULL),(5,'테스트입니다','테스트입니다','test','8c410f89-965b-423e-808e-8fb743a6207d.jpg',NULL),(6,'테스트2','테스트2','test','a054ffd6-e412-4818-8d40-e0a2c8b9f3d3.jpg',NULL),(7,'ㅡㅡㅡ','ㅡㅡㅡㅡ','test','e2c6dfa2-90d1-4da0-b199-f014f05ab551',NULL),(8,'ㄴㄴㄴㄴㄴ','ㄴㄴㄴㄴ','test','b1725742-6009-4a3f-b5bd-fadca6af3529',NULL),(9,'ㅇㄴㅇㄴㅇㄴㅇㄴㅇ','ㄴㅇㄴㅇㅇ','test','c31a8299-6c29-4e8a-8882-23149a590fea',NULL),(10,'ㅏㅏㅣㅏㅣ','ㅏㅣㅏㅣ','test','60c9556d-a1c1-4176-8190-3d819f724805',NULL),(11,'ㄴㅇㄴㅇㄴㅇㄴㄴ','ㄴㅇㄴㅇ','test','914c6414-502e-41fd-941b-d400446ac7e5',NULL),(12,'ㄴㅇㄴㅇㄴ','ㄴㅇㄴㅇㄴㅇ','test','599373c4-9a3c-4a06-a5a8-787602797288',NULL),(13,'ㄴㄴㄴㄴ','ㄴㄴㄴㄴㄴ','test','d9bf89d7-d5cb-417d-aa3d-e17a9915a1b7',NULL),(14,'ㄴㄴㄴㄴㄴ','ㄴㄴㄴ','test','d833112e-36ba-448e-b6e6-c74af73cd31f',NULL),(15,'test','test','test',NULL,NULL),(16,'test22','test22','test',NULL,NULL),(17,'','','test',NULL,NULL),(18,'ssdas','ssasd','test',NULL,NULL),(19,'ㄴㅇㄴㅇ','ㄴㅇㄴㅇㄴㅇ','test',NULL,NULL),(20,'ㄴㄴ','ㄴㄴ','test',NULL,NULL),(21,'ㅌㅊㅋㅌㅊ','ㅋㅌㅊㅋㅌㅊ','test','default.jpg',NULL),(22,'ㄴㅇㅁㄴㅇ','ㅁㄴㅇㅁㄴㅇ','test','84f30d6f-7553-40af-819b-8916b2fc6b70.jpg',NULL),(23,'테스트','테스트','test','b2f02f20-ea7a-4272-8ee7-bd58fa48e7dd.jfif',NULL),(24,'ㅁㄴㅇ','ㅁㄴㅇ','test',NULL,NULL),(25,'ㅁㄴㅇ','ㅁㄴㅇ','test','995e77ad-7a5b-4b2a-9bc3-eb4e942073ce.jpg',NULL),(26,'Hey','hey','test','eb03eab7-b066-4661-8cf3-354dd750f0c9.jpg',NULL),(27,'let\'s go','레고','test','cad1e566-6f24-4dc9-a7f7-35d0d086e20a.jpg',NULL);
/*!40000 ALTER TABLE `concert` ENABLE KEYS */;
UNLOCK TABLES;

--
-- Table structure for table `concert_comments`
--

DROP TABLE IF EXISTS `concert_comments`;
/*!40101 SET @saved_cs_client     = @@character_set_client */;
/*!50503 SET character_set_client = utf8mb4 */;
CREATE TABLE `concert_comments` (
  `cc_idx` int(11) NOT NULL AUTO_INCREMENT COMMENT '합주 댓글 인덱스',
  `cc_comments` varchar(100) NOT NULL COMMENT '합주 댓글',
  `user_id` varchar(100) NOT NULL COMMENT '유저 아이디',
  `c_idx` int(11) NOT NULL COMMENT '합주 인덱스',
  `c_date` varchar(100) DEFAULT NULL,
  `deleted_yn` varchar(1) NOT NULL DEFAULT 'N',
  PRIMARY KEY (`cc_idx`),
  KEY `c_idx` (`c_idx`),
  KEY `user_id` (`user_id`),
  CONSTRAINT `concert_comments_ibfk_1` FOREIGN KEY (`c_idx`) REFERENCES `concert` (`c_idx`),
  CONSTRAINT `concert_comments_ibfk_2` FOREIGN KEY (`user_id`) REFERENCES `users` (`user_id`)
) ENGINE=InnoDB AUTO_INCREMENT=2 DEFAULT CHARSET=utf8;
/*!40101 SET character_set_client = @saved_cs_client */;

--
-- Dumping data for table `concert_comments`
--

LOCK TABLES `concert_comments` WRITE;
/*!40000 ALTER TABLE `concert_comments` DISABLE KEYS */;
INSERT INTO `concert_comments` VALUES (1,'좋을거같네요','test',23,'2025-09-28 19:50:34','N');
/*!40000 ALTER TABLE `concert_comments` ENABLE KEYS */;
UNLOCK TABLES;

--
-- Table structure for table `concert_music`
--

DROP TABLE IF EXISTS `concert_music`;
/*!40101 SET @saved_cs_client     = @@character_set_client */;
/*!50503 SET character_set_client = utf8mb4 */;
CREATE TABLE `concert_music` (
  `cm_idx` int(11) NOT NULL AUTO_INCREMENT COMMENT '합주 인덱스',
  `c_idx` int(11) NOT NULL COMMENT '합주 인덱스',
  `cm_instrument` varchar(100) DEFAULT NULL,
  `musicUUID` varchar(300) DEFAULT NULL,
  `music_title` varchar(100) DEFAULT NULL,
  `cm_music` varchar(255) DEFAULT NULL,
  PRIMARY KEY (`cm_idx`),
  KEY `c_idx` (`c_idx`),
  CONSTRAINT `concert_music_ibfk_1` FOREIGN KEY (`c_idx`) REFERENCES `concert` (`c_idx`)
) ENGINE=InnoDB AUTO_INCREMENT=15 DEFAULT CHARSET=utf8;
/*!40101 SET character_set_client = @saved_cs_client */;

--
-- Dumping data for table `concert_music`
--

LOCK TABLES `concert_music` WRITE;
/*!40000 ALTER TABLE `concert_music` DISABLE KEYS */;
INSERT INTO `concert_music` VALUES (1,26,'드럼',NULL,NULL,'57441879-d2e8-4fcc-b8f4-1795c500c142'),(2,26,'드럼',NULL,NULL,'dec78eb5-2886-412c-9b75-f59301cff9e7'),(3,26,'피아노',NULL,NULL,'4437c9cc-1440-422c-9613-62e947b02050'),(4,27,'드럼',NULL,NULL,'64c16e8f-f319-4dab-83af-5ebe0b040c95'),(5,27,'피아노',NULL,NULL,'60734247-2e13-45e7-8956-210e22daf842'),(6,25,'드럼',NULL,NULL,'64a94145-cb3a-44bf-9f0c-eb82071aa022'),(7,25,'피아노',NULL,NULL,'3904b368-2379-4814-891a-6fb1ab76e1ef'),(8,25,'드럼',NULL,NULL,NULL),(9,27,'드럼','f1d0e23f-a48c-42f1-acc4-9b24503c7f49',NULL,'f1d0e23f-a48c-42f1-acc4-9b24503c7f49'),(10,27,'피아노','5877a435-f52d-4362-8362-ce5619f04a26',NULL,'5877a435-f52d-4362-8362-ce5619f04a26'),(11,27,'피아노','9fbfd71d-59bb-40fa-8c04-e2c156c3923c',NULL,'9fbfd71d-59bb-40fa-8c04-e2c156c3923c'),(12,27,'피아노','38cd2229-8c0c-42aa-8156-16128d55ce36',NULL,'38cd2229-8c0c-42aa-8156-16128d55ce36'),(13,27,'드럼','18861bae-e13f-479a-9b31-f5c0c7b628de',NULL,'18861bae-e13f-479a-9b31-f5c0c7b628de'),(14,23,'드럼','29838aae-a304-4d40-a11c-1a856f5cdb5b',NULL,'29838aae-a304-4d40-a11c-1a856f5cdb5b');
/*!40000 ALTER TABLE `concert_music` ENABLE KEYS */;
UNLOCK TABLES;

--
-- Table structure for table `kakaopay_list`
--

DROP TABLE IF EXISTS `kakaopay_list`;
/*!40101 SET @saved_cs_client     = @@character_set_client */;
/*!50503 SET character_set_client = utf8mb4 */;
CREATE TABLE `kakaopay_list` (
  `kakaopay_idx` int(11) NOT NULL AUTO_INCREMENT COMMENT '카카오페이 결제내역 인덱스',
  `user_id` varchar(100) DEFAULT NULL COMMENT '유저 아이디',
  `tid` varchar(100) NOT NULL COMMENT '고유 결제 번호',
  `partner_order_id` varchar(100) NOT NULL COMMENT '결제 번호',
  `created_at` varchar(100) NOT NULL COMMENT '결제 일시',
  `money` int(11) NOT NULL COMMENT '결제 금액',
  PRIMARY KEY (`kakaopay_idx`),
  KEY `user_id` (`user_id`),
  CONSTRAINT `kakaopay_list_ibfk_1` FOREIGN KEY (`user_id`) REFERENCES `users` (`user_id`)
) ENGINE=InnoDB DEFAULT CHARSET=utf8;
/*!40101 SET character_set_client = @saved_cs_client */;

--
-- Dumping data for table `kakaopay_list`
--

LOCK TABLES `kakaopay_list` WRITE;
/*!40000 ALTER TABLE `kakaopay_list` DISABLE KEYS */;
/*!40000 ALTER TABLE `kakaopay_list` ENABLE KEYS */;
UNLOCK TABLES;

--
-- Table structure for table `message_reads`
--

DROP TABLE IF EXISTS `message_reads`;
/*!40101 SET @saved_cs_client     = @@character_set_client */;
/*!50503 SET character_set_client = utf8mb4 */;
CREATE TABLE `message_reads` (
  `message_idx` int(10) NOT NULL,
  `user_id` varchar(100) NOT NULL,
  `read_at` datetime NOT NULL DEFAULT CURRENT_TIMESTAMP,
  PRIMARY KEY (`message_idx`,`user_id`),
  KEY `fk_user` (`user_id`),
  CONSTRAINT `fk_message` FOREIGN KEY (`message_idx`) REFERENCES `t_message` (`message_idx`) ON DELETE CASCADE,
  CONSTRAINT `fk_user` FOREIGN KEY (`user_id`) REFERENCES `users` (`user_id`) ON DELETE CASCADE
) ENGINE=InnoDB DEFAULT CHARSET=utf8;
/*!40101 SET character_set_client = @saved_cs_client */;

--
-- Dumping data for table `message_reads`
--

LOCK TABLES `message_reads` WRITE;
/*!40000 ALTER TABLE `message_reads` DISABLE KEYS */;
INSERT INTO `message_reads` VALUES (1,'test','2025-10-18 19:47:05'),(1,'tester1','2025-10-18 19:47:16'),(2,'test','2025-10-18 19:47:24'),(2,'tester1','2025-10-18 19:47:24'),(3,'test','2025-10-18 19:47:38'),(3,'tester1','2025-10-18 19:47:34'),(4,'test','2025-10-18 19:48:37'),(4,'tester1','2025-10-18 19:48:31'),(5,'test','2025-10-18 19:48:50'),(5,'tester1','2025-10-18 19:48:57'),(6,'test','2025-10-18 19:48:51'),(6,'tester1','2025-10-18 19:48:57'),(7,'test','2025-10-18 19:56:51'),(7,'tester1','2025-10-18 19:56:39'),(8,'test','2025-10-18 19:56:51'),(8,'tester1','2025-10-18 19:58:21'),(9,'test','2025-10-18 19:57:20'),(9,'tester1','2025-10-18 19:58:16'),(10,'test','2025-10-18 19:57:17'),(10,'tester1','2025-10-18 19:58:21'),(11,'test','2025-10-18 19:57:52'),(11,'tester1','2025-10-18 19:58:16'),(12,'test','2025-10-18 20:07:45'),(12,'tester1','2025-10-18 19:58:21'),(13,'test','2025-10-18 19:57:52'),(13,'tester1','2025-10-18 19:58:16'),(14,'test','2025-10-18 19:58:49'),(14,'tester1','2025-10-18 19:58:16'),(15,'test','2025-10-18 20:07:45'),(15,'tester1','2025-10-18 20:07:26'),(16,'test','2025-10-18 20:07:45'),(16,'tester1','2025-10-18 20:07:26'),(17,'test','2025-10-18 19:58:49'),(17,'tester1','2025-10-18 20:07:08'),(18,'test','2025-10-18 20:07:45'),(18,'tester1','2025-10-18 20:07:38'),(19,'test','2025-10-18 20:08:26'),(19,'tester1','2025-10-18 20:08:07'),(20,'test','2025-10-18 20:08:16'),(20,'tester1','2025-10-18 20:19:34'),(21,'test','2025-10-18 20:15:32'),(21,'tester1','2025-10-18 20:19:34'),(22,'test','2025-10-18 20:16:13'),(22,'tester1','2025-10-18 20:08:37'),(23,'test','2025-10-18 20:16:13'),(23,'tester1','2025-10-18 20:19:20'),(24,'test','2025-10-18 20:16:13'),(24,'tester1','2025-10-18 20:19:20'),(25,'test','2025-10-18 21:33:07'),(25,'tester1','2025-10-18 20:19:34'),(26,'test','2025-10-18 21:33:07'),(26,'tester1','2025-10-18 20:19:34'),(27,'test','2025-10-18 21:33:07'),(27,'tester1','2025-10-18 20:19:34'),(28,'test','2025-10-18 21:33:07'),(28,'tester1','2025-10-18 20:19:34'),(29,'test','2025-10-18 21:33:02'),(29,'tester1','2025-10-18 20:19:20'),(30,'test','2025-10-18 21:33:02'),(30,'tester1','2025-10-18 20:19:20'),(31,'test','2025-10-18 21:33:02'),(31,'tester1','2025-10-18 20:19:20'),(32,'test','2025-10-18 21:33:02'),(32,'tester1','2025-10-18 20:19:20'),(33,'test','2025-10-18 21:33:02'),(33,'tester1','2025-10-18 20:19:20'),(34,'test','2025-10-18 21:33:02'),(34,'tester1','2025-10-18 20:19:20'),(35,'test','2025-10-18 21:33:02'),(35,'tester1','2025-10-18 21:32:38'),(36,'test','2025-10-18 21:33:07'),(36,'tester1','2025-10-18 21:33:37'),(37,'test','2025-10-18 21:33:07'),(37,'tester1','2025-10-18 21:33:37'),(38,'test','2025-10-18 21:33:07'),(38,'tester1','2025-10-18 21:33:37'),(39,'test','2025-10-18 21:33:07'),(39,'tester1','2025-10-18 21:33:37'),(40,'test','2025-10-18 21:33:07'),(40,'tester1','2025-10-18 21:33:37'),(41,'test','2025-10-18 21:33:07'),(41,'tester1','2025-10-18 21:33:38'),(42,'test','2025-10-18 21:33:02'),(42,'tester1','2025-10-18 21:33:33'),(43,'test','2025-10-18 21:35:07'),(43,'tester1','2025-10-18 21:33:33'),(44,'test','2025-10-18 21:35:00'),(44,'tester1','2025-10-18 21:33:38'),(45,'test','2025-10-18 21:35:00'),(45,'tester1','2025-10-18 21:33:38'),(46,'test','2025-10-18 21:35:07'),(46,'tester1','2025-10-18 21:38:50'),(47,'test','2025-10-18 21:35:00'),(47,'tester1','2025-10-18 21:38:54'),(48,'test','2025-10-18 21:38:24'),(48,'tester1','2025-10-18 21:38:54'),(49,'test','2025-10-18 21:35:41'),(49,'tester1','2025-10-18 21:38:50'),(50,'test','2025-10-18 21:38:14'),(50,'tester1','2025-10-18 21:38:50'),(51,'test','2025-10-18 22:12:27'),(51,'tester1','2025-10-18 21:38:50'),(52,'test','2025-10-18 22:14:05'),(52,'tester1','2025-10-18 21:38:54'),(53,'test','2025-10-18 22:12:27'),(53,'tester1','2025-10-18 21:48:33'),(54,'test','2025-10-18 22:14:05'),(54,'tester1','2025-10-18 21:48:36'),(55,'test','2025-10-18 22:14:05'),(55,'tester1','2025-10-18 21:48:36'),(56,'test','2025-10-18 22:12:27'),(56,'tester1','2025-10-18 22:17:16'),(57,'test','2025-10-18 22:12:27'),(57,'tester1','2025-10-18 22:17:16'),(58,'test','2025-10-18 22:14:05'),(58,'tester1','2025-10-18 22:26:58'),(59,'test','2025-10-18 22:14:05'),(59,'tester1','2025-10-18 22:26:58'),(60,'test','2025-10-18 22:14:09'),(60,'tester1','2025-10-18 22:17:16'),(61,'test','2025-10-18 22:27:15'),(61,'tester1','2025-10-18 22:26:58'),(62,'test','2025-10-18 22:27:12'),(62,'tester1','2025-10-18 22:17:16'),(63,'test','2025-10-18 22:27:12'),(63,'tester1','2025-10-18 22:17:16'),(64,'test','2025-10-18 22:27:12'),(64,'tester1','2025-10-18 22:17:16'),(65,'test','2025-10-18 22:27:12'),(65,'tester1','2025-10-18 22:17:16'),(66,'test','2025-10-18 22:27:12'),(66,'tester1','2025-10-18 22:27:03'),(67,'test','2025-10-18 22:27:15'),(67,'tester1','2025-10-18 22:27:42'),(68,'test','2025-10-18 22:27:12'),(68,'tester1','2025-10-18 22:30:28'),(69,'test','2025-10-18 22:30:18'),(69,'tester1','2025-10-18 22:30:28'),(70,'test','2025-10-18 22:28:30'),(70,'tester1','2025-10-18 22:27:42'),(71,'test','2025-10-18 22:28:30'),(71,'tester1','2025-10-18 22:27:53'),(72,'test','2025-10-18 22:28:30'),(72,'tester1','2025-10-18 22:28:21'),(73,'test','2025-10-18 22:28:30'),(73,'tester1','2025-10-18 22:28:21'),(74,'test','2025-10-18 22:28:30'),(74,'tester1','2025-10-18 22:28:50'),(75,'test','2025-10-19 11:49:19'),(75,'tester1','2025-10-18 22:28:50'),(76,'test','2025-10-18 22:30:36'),(76,'tester1','2025-10-18 22:30:28'),(77,'test','2025-10-19 11:47:45'),(77,'tester1','2025-10-18 22:31:40'),(78,'test','2025-10-19 11:47:45'),(78,'tester1','2025-10-19 11:48:38'),(79,'test','2025-10-19 11:47:45'),(79,'tester1','2025-10-19 11:48:38'),(80,'test','2025-10-19 11:49:29'),(80,'tester1','2025-10-19 11:49:42'),(81,'test','2025-10-19 11:49:19'),(81,'tester1','2025-10-19 11:49:47'),(82,'test','2025-10-19 11:50:08'),(82,'tester1','2025-10-19 11:49:47'),(83,'test','2025-10-19 11:51:01'),(83,'tester1','2025-10-19 11:51:03'),(84,'test','2025-10-19 11:50:08'),(84,'tester1','2025-10-19 11:51:07'),(85,'test','2025-10-19 11:51:26'),(85,'tester1','2025-10-19 11:51:52'),(86,'test','2025-10-19 11:51:27'),(86,'tester1','2025-10-19 11:51:54'),(87,'test','2025-10-19 11:52:11'),(87,'tester1','2025-10-19 11:51:54'),(88,'test','2025-10-19 11:52:09'),(88,'tester1','2025-10-19 11:51:52'),(89,'test','2025-10-19 11:52:51'),(89,'tester1','2025-10-19 11:52:34'),(90,'test','2025-10-19 12:19:21'),(90,'tester1','2025-10-19 11:52:42'),(91,'test','2025-10-19 12:19:21'),(91,'tester1','2025-10-19 12:28:25'),(92,'test','2025-10-19 12:19:46'),(92,'tester1','2025-10-19 12:28:29'),(93,'test','2025-10-19 12:19:46'),(93,'tester1','2025-10-19 12:28:29'),(94,'test','2025-10-19 12:19:36'),(94,'tester1','2025-10-19 12:28:25'),(95,'test','2025-10-19 12:19:36'),(95,'tester1','2025-10-19 12:28:25'),(96,'test','2025-10-19 12:20:17'),(96,'tester1','2025-10-19 12:28:25'),(97,'test','2025-10-19 12:20:17'),(97,'tester1','2025-10-19 12:28:25'),(98,'test','2025-10-19 12:21:56'),(98,'tester1','2025-10-19 12:28:29'),(99,'test','2025-10-19 12:21:56'),(99,'tester1','2025-10-19 12:28:29'),(100,'test','2025-10-19 12:21:56'),(100,'tester1','2025-10-19 12:28:29'),(101,'test','2025-10-19 12:23:53'),(101,'tester1','2025-10-19 12:28:25'),(102,'test','2025-10-19 12:23:53'),(102,'tester1','2025-10-19 12:28:25'),(103,'test','2025-10-19 12:23:53'),(103,'tester1','2025-10-19 12:28:25'),(104,'test','2025-10-19 12:28:54'),(104,'tester1','2025-10-19 12:28:29'),(105,'test','2025-10-19 12:28:54'),(105,'tester1','2025-10-19 12:28:29'),(106,'test','2025-10-19 12:28:58'),(106,'tester1','2025-10-19 12:28:25'),(107,'test','2025-10-19 12:28:58'),(107,'tester1','2025-10-19 12:28:25'),(108,'test','2025-10-19 12:28:58'),(108,'tester1','2025-10-19 12:30:49'),(109,'test','2025-10-19 12:28:54'),(109,'tester1','2025-10-19 12:31:10'),(110,'test','2025-10-19 12:28:54'),(110,'tester1','2025-10-19 12:31:10'),(111,'test','2025-10-19 12:30:56'),(111,'tester1','2025-10-19 12:31:10'),(112,'test','2025-10-19 12:47:57'),(112,'tester1','2025-10-19 12:30:49'),(113,'test','2025-10-19 12:47:57'),(113,'tester1','2025-10-19 12:30:49'),(114,'test','2025-10-19 12:47:57'),(114,'tester1','2025-10-19 12:31:11'),(115,'test','2025-10-19 12:47:55'),(115,'tester1','2025-10-19 12:31:10'),(116,'test','2025-10-19 12:47:57'),(116,'tester1','2025-10-19 12:48:17'),(117,'test','2025-10-19 12:47:55'),(117,'tester1','2025-10-19 12:48:09'),(118,'test','2025-10-19 12:48:52'),(118,'tester1','2025-10-19 12:48:17'),(119,'test','2025-10-19 12:55:54'),(119,'tester1','2025-10-19 12:48:09'),(120,'test','2025-10-19 12:55:54'),(120,'tester1','2025-10-19 12:56:20'),(121,'test','2025-10-19 12:48:52'),(121,'tester1','2025-10-19 12:49:19'),(122,'test','2025-10-19 12:55:59'),(122,'tester1','2025-10-19 12:49:19'),(123,'test','2025-10-19 12:58:58'),(123,'tester1','2025-10-19 12:56:20'),(124,'test','2025-10-19 12:59:06'),(124,'tester1','2025-10-19 12:56:07'),(125,'test','2025-10-19 12:59:06'),(125,'tester1','2025-10-19 13:02:32'),(126,'test','2025-10-19 12:58:58'),(126,'tester1','2025-10-19 13:02:35'),(127,'test','2025-10-19 13:02:38'),(127,'tester1','2025-10-19 13:02:35'),(128,'test','2025-10-19 13:02:38'),(128,'tester1','2025-10-19 13:02:32'),(129,'test','2025-10-19 13:02:38'),(129,'tester1','2025-10-19 13:02:32'),(130,'test','2025-10-19 13:02:38'),(130,'tester1','2025-10-19 13:02:32'),(131,'test','2025-10-19 13:03:16'),(131,'tester1','2025-10-19 13:03:25'),(132,'test','2025-10-19 13:36:15'),(132,'tester1','2025-10-19 13:03:28'),(133,'test','2025-10-19 13:36:15'),(133,'tester1','2025-10-19 13:03:28'),(134,'test','2025-10-19 13:36:55'),(134,'tester1','2025-10-19 13:03:25'),(135,'test','2025-10-19 13:36:55'),(135,'tester1','2025-10-19 13:38:28'),(136,'test','2025-10-19 13:36:15'),(136,'tester1','2025-10-19 13:51:36'),(137,'test','2025-10-19 13:48:12'),(137,'tester1','2025-10-19 13:38:28'),(138,'test','2025-10-19 13:48:12'),(138,'tester1','2025-10-19 13:50:58'),(139,'test','2025-10-19 14:45:52'),(139,'tester1','2025-10-19 13:50:58'),(140,'test','2025-10-19 14:45:52'),(140,'tester1','2025-10-19 13:50:58'),(141,'test','2025-10-19 14:45:52'),(141,'tester1','2025-10-19 13:50:58'),(142,'test','2025-10-19 14:45:52'),(142,'tester1','2025-10-19 13:51:14'),(143,'test','2025-10-19 13:53:59'),(143,'tester1','2025-10-19 13:51:36'),(144,'test','2025-10-19 13:53:59'),(144,'tester1','2025-10-19 14:46:32'),(145,'test','2025-10-19 14:45:52'),(145,'tester1','2025-10-19 14:49:48'),(146,'test','2025-10-19 14:50:25'),(146,'tester1','2025-10-19 14:49:48'),(147,'test','2025-10-19 14:47:37'),(147,'tester1','2025-10-19 14:46:32'),(148,'test','2025-10-19 14:50:41'),(148,'tester1','2025-10-19 14:49:31'),(149,'test','2025-10-19 14:50:41'),(149,'tester1','2025-10-19 15:16:35'),(150,'test','2025-10-19 14:50:25'),(150,'tester1','2025-10-19 14:50:53'),(151,'test','2025-10-19 14:51:04'),(151,'tester1','2025-10-19 14:50:53'),(152,'test','2025-10-19 14:51:04'),(152,'tester1','2025-10-19 15:11:35'),(153,'test','2025-10-19 15:12:10'),(153,'tester1','2025-10-19 15:11:35'),(154,'test','2025-10-19 15:12:10'),(154,'tester1','2025-10-19 15:16:37'),(155,'test','2025-10-19 15:16:02'),(155,'tester1','2025-10-19 15:16:35'),(156,'test','2025-10-19 15:16:02'),(156,'tester1','2025-10-19 15:16:35'),(157,'test','2025-10-19 15:16:25'),(157,'tester1','2025-10-19 15:16:37'),(158,'test','2025-10-19 15:16:25'),(158,'tester1','2025-10-19 15:16:37'),(159,'test','2025-10-19 15:16:42'),(159,'tester1','2025-10-19 15:16:35'),(160,'test','2025-10-19 15:41:48'),(160,'tester1','2025-10-19 15:17:20'),(161,'test','2025-10-19 15:41:47'),(161,'tester1','2025-10-19 15:17:17'),(162,'test','2025-10-19 15:41:48'),(162,'tester1','2025-10-19 16:12:59'),(163,'test','2025-10-19 15:41:47'),(163,'tester1','2025-10-19 16:12:57'),(164,'test','2025-10-19 15:45:47'),(164,'tester1','2025-10-19 16:12:59'),(165,'test','2025-10-19 15:46:07'),(165,'tester1','2025-10-19 16:12:57'),(166,'test','2025-10-19 15:46:07'),(166,'tester1','2025-10-19 15:45:45'),(167,'test','2025-10-19 15:48:47'),(167,'tester1','2025-10-19 16:12:59'),(168,'test','2025-10-19 16:13:04'),(168,'tester1','2025-10-19 16:13:04'),(169,'test','2025-10-19 16:13:14'),(169,'tester1','2025-10-19 16:14:32'),(170,'test','2025-10-19 16:13:31'),(170,'tester1','2025-10-19 16:13:31'),(171,'test','2025-10-19 16:13:38'),(171,'tester1','2025-10-19 16:14:34'),(172,'test','2025-10-19 16:13:48'),(172,'tester1','2025-10-19 16:13:48'),(173,'test','2025-10-19 16:13:55'),(173,'tester1','2025-10-19 16:14:32'),(174,'test','2025-10-19 16:16:54'),(174,'tester1','2025-10-19 16:14:39'),(175,'test','2025-10-19 16:14:43'),(175,'tester1','2025-10-19 16:14:43'),(176,'test','2025-10-19 16:15:00'),(176,'tester1','2025-10-19 16:15:00'),(177,'test','2025-10-19 16:16:54'),(177,'tester1','2025-10-19 16:15:04'),(178,'test','2025-10-19 16:17:02'),(178,'tester1','2025-10-19 16:17:02'),(179,'test','2025-10-19 16:17:20'),(179,'tester1','2025-10-19 16:25:18'),(180,'test','2025-10-19 16:17:38'),(180,'tester1','2025-10-19 16:25:18'),(181,'test','2025-10-19 16:25:24'),(181,'tester1','2025-10-19 16:25:24'),(182,'test','2025-10-19 20:49:15'),(182,'tester1','2025-10-19 16:25:27'),(183,'test','2025-10-19 20:49:15'),(183,'tester1','2025-10-19 16:25:35'),(184,'test','2025-10-19 16:25:39'),(184,'tester1','2025-10-19 16:25:39'),(185,'test','2025-10-19 20:49:19'),(185,'tester1','2025-10-19 20:49:19'),(186,'test','2025-10-19 20:49:24'),(186,'tester1','2025-10-19 20:49:59'),(187,'test','2025-10-19 20:50:01'),(187,'tester1','2025-10-19 20:50:01'),(188,'test','2025-10-19 20:52:43'),(188,'tester1','2025-10-19 20:52:24'),(189,'test','2025-10-19 20:52:43'),(189,'tester1','2025-10-19 20:52:24'),(190,'test','2025-10-19 20:52:43'),(190,'tester1','2025-10-19 20:52:24'),(191,'test','2025-10-19 20:52:43'),(191,'tester1','2025-10-19 20:52:24'),(192,'test','2025-10-19 20:52:35'),(192,'tester1','2025-10-19 20:52:26'),(193,'test','2025-10-19 20:58:00'),(193,'tester1','2025-10-19 20:53:04'),(194,'test','2025-10-19 20:58:00'),(194,'tester1','2025-10-19 20:53:04'),(195,'test','2025-10-19 20:58:00'),(195,'tester1','2025-10-19 20:53:04'),(196,'test','2025-10-19 20:52:46'),(196,'tester1','2025-10-19 20:53:02'),(197,'test','2025-10-19 20:58:01'),(197,'tester1','2025-10-19 20:53:02'),(198,'test','2025-10-19 20:58:01'),(198,'tester1','2025-10-19 20:53:02'),(199,'test','2025-10-19 20:53:42'),(199,'tester1','2025-10-19 20:53:42'),(200,'test','2025-10-19 20:58:00'),(200,'tester1','2025-10-19 20:53:45'),(201,'test','2025-10-19 20:58:01'),(201,'tester1','2025-10-19 20:53:56'),(202,'test','2025-10-19 20:58:01'),(202,'tester1','2025-10-19 20:53:59'),(203,'test','2025-10-19 20:54:09'),(203,'tester1','2025-10-19 20:54:09'),(204,'test','2025-10-19 20:57:47'),(204,'tester1','2025-10-19 20:57:47'),(205,'test','2025-10-19 20:58:01'),(205,'tester1','2025-10-19 20:57:51'),(206,'test','2025-10-19 20:58:04'),(206,'tester1','2025-10-19 20:58:04'),(207,'test','2025-10-19 20:58:08'),(207,'tester1','2025-10-19 20:58:08'),(208,'test','2025-10-19 20:58:12'),(208,'tester1','2025-10-19 20:58:12'),(209,'test','2025-10-19 20:58:16'),(209,'tester1','2025-10-19 22:19:08'),(210,'test','2025-10-19 22:19:10'),(210,'tester1','2025-10-19 22:19:10'),(211,'test','2025-10-19 22:19:14'),(211,'tester1','2025-10-19 22:19:14'),(212,'test','2025-10-19 22:19:18'),(212,'tester1','2025-10-19 22:19:18'),(213,'test','2025-10-19 22:19:22'),(213,'tester1','2025-10-19 22:19:52'),(214,'test','2025-10-19 22:19:27'),(214,'tester1','2025-10-19 22:19:27'),(215,'test','2025-10-19 22:19:48'),(215,'tester1','2025-10-19 22:19:48'),(216,'test','2025-10-19 22:20:01'),(216,'tester1','2025-10-19 22:20:01'),(217,'test','2025-10-20 19:09:43'),(217,'tester1','2025-10-19 22:20:06'),(218,'test','2025-10-19 22:20:10'),(218,'tester1','2025-10-19 22:20:10'),(219,'test','2025-10-20 19:09:43'),(219,'tester1','2025-10-19 22:20:21'),(220,'test','2025-10-20 19:09:43'),(220,'tester1','2025-10-19 22:20:25'),(221,'test','2025-10-19 22:20:33'),(221,'tester1','2025-10-19 22:20:33'),(222,'test','2025-10-19 22:20:37'),(222,'tester1','2025-10-19 22:20:39'),(223,'test','2025-10-19 22:20:41'),(223,'tester1','2025-10-19 22:20:47'),(224,'test','2025-10-20 19:10:11'),(224,'tester1','2025-10-20 19:12:45'),(225,'test','2025-10-20 19:10:16'),(225,'tester1','2025-10-20 19:10:16'),(226,'test','2025-10-20 19:10:41'),(226,'tester1','2025-10-20 19:12:45'),(227,'test','2025-10-20 19:10:48'),(227,'tester1','2025-10-20 19:10:48'),(228,'test','2025-10-20 19:10:54'),(228,'tester1','2025-10-20 19:10:54'),(229,'test','2025-10-20 19:13:49'),(229,'tester1','2025-10-20 19:12:48'),(230,'test','2025-10-20 19:12:51'),(230,'tester1','2025-10-20 19:12:51'),(231,'test','2025-10-20 19:13:06'),(231,'tester1','2025-10-20 19:13:06'),(232,'test','2025-10-20 19:13:49'),(232,'tester1','2025-10-20 19:13:08'),(233,'test','2025-10-20 19:13:38'),(233,'tester1','2025-10-20 19:13:38'),(234,'test','2025-10-20 19:13:50'),(234,'tester1','2025-10-20 19:13:42'),(235,'test','2025-10-20 19:13:59'),(235,'tester1','2025-10-20 19:13:59'),(236,'test','2025-10-20 19:14:02'),(236,'tester1','2025-10-20 19:27:51'),(237,'test','2025-10-20 19:27:55'),(237,'tester1','2025-10-20 19:27:55'),(238,'test','2025-10-20 19:28:27'),(238,'tester1','2025-10-20 19:27:59'),(239,'test','2025-10-20 19:28:31'),(239,'tester1','2025-10-20 19:28:31'),(240,'test','2025-10-20 19:28:37'),(240,'tester1','2025-10-20 19:28:49'),(241,'test','2025-10-20 19:28:41'),(241,'tester1','2025-10-20 19:28:41'),(242,'test','2025-10-20 19:35:44'),(242,'tester1','2025-10-20 19:28:55'),(243,'test','2025-10-20 19:28:58'),(243,'tester1','2025-10-20 19:28:58'),(244,'test','2025-10-20 19:30:40'),(244,'tester1','2025-10-20 19:30:40'),(245,'test','2025-10-20 19:35:44'),(245,'tester1','2025-10-20 19:30:47'),(246,'test','2025-10-20 19:31:05'),(246,'tester1','2025-10-20 19:31:05'),(247,'test','2025-10-20 19:31:08'),(247,'tester1','2025-10-20 19:36:15'),(248,'test','2025-10-20 19:35:56'),(248,'tester1','2025-10-20 19:36:15'),(249,'test','2025-10-20 19:45:18'),(249,'tester1','2025-10-20 19:45:18'),(250,'test','2025-10-20 19:45:35'),(250,'tester1','2025-10-20 19:45:24'),(251,'test','2025-10-20 19:45:55'),(251,'tester1','2025-10-20 19:50:35'),(252,'test','2025-10-20 19:45:59'),(252,'tester1','2025-10-20 19:45:59'),(253,'test','2025-10-20 19:46:05'),(253,'tester1','2025-10-20 19:46:05'),(254,'test','2025-10-20 19:51:57'),(254,'tester1','2025-10-20 19:51:48'),(255,'test','2025-10-20 19:51:57'),(255,'tester1','2025-10-20 19:51:48'),(256,'test','2025-10-20 19:51:57'),(256,'tester1','2025-10-20 19:51:48'),(257,'test','2025-10-20 19:51:57'),(257,'tester1','2025-10-20 19:51:48'),(258,'test','2025-10-20 19:52:03'),(258,'tester1','2025-10-20 19:51:49'),(259,'test','2025-10-20 22:46:07'),(259,'tester1','2025-10-20 22:50:11'),(260,'test','2025-10-20 22:47:07'),(260,'tester1','2025-10-20 22:50:02'),(261,'test','2025-10-20 22:47:07'),(261,'tester1','2025-10-20 22:50:02'),(262,'test','2025-10-20 22:50:34'),(262,'tester1','2025-10-20 22:50:11'),(263,'test','2025-10-20 22:50:34'),(263,'tester1','2025-10-20 22:50:11'),(264,'test','2025-10-20 22:50:36'),(264,'tester1','2025-10-20 22:50:02'),(265,'test','2025-10-20 22:50:36'),(265,'tester1','2025-10-20 22:54:17'),(266,'test','2025-10-20 22:50:34'),(266,'tester1','2025-10-20 22:54:20'),(267,'test','2025-10-21 11:43:30'),(267,'tester1','2025-10-20 22:54:17'),(268,'test','2025-10-21 11:07:24'),(269,'test','2025-10-21 11:08:49'),(269,'tester1','2025-10-21 11:08:58'),(270,'test','2025-10-21 11:09:01'),(270,'tester1','2025-10-21 11:08:58'),(271,'test','2025-10-21 11:09:01'),(271,'tester1','2025-10-21 11:08:58'),(272,'test','2025-10-21 11:09:01'),(272,'tester1','2025-10-21 11:29:36'),(273,'test','2025-10-21 11:43:31'),(273,'tester1','2025-10-21 11:29:36'),(274,'test','2025-10-21 11:43:26'),(274,'tester1','2025-10-21 11:30:49'),(275,'test','2025-10-21 11:43:26'),(276,'test','2025-10-21 11:43:26'),(277,'test','2025-10-21 11:43:26'),(277,'tester1','2025-10-21 11:39:49'),(278,'test','2025-10-21 11:43:26'),(279,'test','2025-10-21 11:43:26'),(280,'test','2025-10-21 11:44:24'),(280,'tester1','2025-10-21 12:10:30'),(281,'tester1','2025-10-21 12:10:30'),(282,'tester1','2025-10-21 12:10:30'),(283,'test','2025-10-21 14:35:17'),(283,'tester1','2025-10-21 12:10:30'),(284,'test','2025-10-21 14:35:17'),(285,'test','2025-10-21 14:35:17'),(286,'test','2025-10-21 14:35:48'),(286,'tester1','2025-10-21 14:35:36'),(287,'test','2025-10-21 14:35:48'),(288,'test','2025-10-21 18:59:48'),(289,'test','2025-10-21 20:01:28'),(289,'tester1','2025-10-21 19:02:34'),(290,'test','2025-10-21 20:01:28'),(290,'tester1','2025-10-21 20:10:23'),(291,'test','2025-10-21 20:10:37'),(291,'tester1','2025-10-21 20:10:23'),(292,'test','2025-10-21 20:10:37'),(292,'tester1','2025-10-21 20:10:23'),(293,'test','2025-10-21 20:10:37'),(293,'tester1','2025-10-21 20:16:14'),(294,'test','2025-10-21 20:16:05'),(294,'tester1','2025-10-21 20:16:14'),(295,'test','2025-10-21 20:24:51'),(295,'tester1','2025-10-21 20:16:14'),(296,'test','2025-10-21 20:24:51'),(296,'tester1','2025-10-21 20:17:56'),(297,'test','2025-10-21 20:24:51'),(297,'tester1','2025-10-21 20:25:08'),(298,'test','2025-10-21 20:26:12'),(298,'tester1','2025-10-21 20:25:08'),(299,'test','2025-10-21 20:26:12'),(299,'tester1','2025-10-21 20:26:35'),(300,'test','2025-10-21 20:26:12'),(300,'tester1','2025-10-21 20:26:35'),(301,'test','2025-10-21 20:37:31'),(301,'tester1','2025-10-21 20:26:35'),(302,'test','2025-10-21 20:37:31'),(302,'tester1','2025-10-21 20:26:50'),(303,'test','2025-10-21 20:37:31'),(303,'tester1','2025-10-21 20:27:08'),(304,'test','2025-10-21 20:37:31'),(304,'tester1','2025-10-21 20:34:55'),(305,'test','2025-10-21 20:37:31'),(305,'tester1','2025-10-21 20:46:28'),(306,'test','2025-10-21 21:23:37'),(306,'tester1','2025-10-21 20:46:28'),(307,'test','2025-10-21 21:23:37'),(307,'tester1','2025-10-21 20:46:28'),(308,'test','2025-10-21 21:23:37'),(308,'tester1','2025-10-21 21:24:03'),(309,'test','2025-10-21 21:23:37'),(309,'tester1','2025-10-21 21:24:03'),(310,'test','2025-10-21 21:23:50'),(310,'tester1','2025-10-21 21:24:03'),(311,'test','2025-10-21 21:30:21'),(311,'tester1','2025-10-21 21:30:38'),(312,'test','2025-10-21 21:30:21'),(312,'tester1','2025-10-21 21:30:38'),(313,'test','2025-10-21 21:36:25'),(313,'tester1','2025-10-21 21:30:38'),(314,'test','2025-10-21 21:36:25'),(314,'tester1','2025-10-21 21:39:37'),(315,'test','2025-10-21 21:43:39'),(315,'tester1','2025-10-21 21:39:37'),(316,'test','2025-10-21 21:43:39'),(316,'tester1','2025-10-21 21:40:03'),(317,'test','2025-10-21 21:43:39'),(317,'tester1','2025-10-21 21:47:14'),(318,'test','2025-10-21 21:47:23'),(318,'tester1','2025-10-21 21:47:14'),(319,'test','2025-10-21 21:47:23'),(319,'tester1','2025-10-21 22:20:41'),(320,'test','2025-10-21 22:26:12'),(320,'tester1','2025-10-21 22:20:41'),(321,'test','2025-10-21 22:26:12'),(321,'tester1','2025-10-21 22:20:41'),(322,'test','2025-10-21 22:26:12'),(322,'tester1','2025-10-21 22:20:41'),(323,'test','2025-10-21 22:26:12'),(323,'tester1','2025-10-21 22:26:45'),(324,'test','2025-10-21 22:26:12'),(324,'tester1','2025-10-21 22:26:45'),(325,'test','2025-10-21 22:27:00'),(325,'tester1','2025-10-21 22:26:45'),(326,'test','2025-10-21 22:27:00'),(326,'tester1','2025-10-21 22:27:47'),(327,'test','2025-10-21 22:27:57'),(327,'tester1','2025-10-21 22:27:47'),(328,'test','2025-10-21 22:27:57'),(328,'tester1','2025-10-21 22:32:29'),(329,'test','2025-10-21 22:39:52'),(329,'tester1','2025-10-21 22:32:29'),(330,'test','2025-10-21 22:39:56'),(330,'tester1','2025-10-21 22:32:32'),(331,'test','2025-10-21 22:39:56'),(331,'tester1','2025-10-21 22:32:32'),(332,'test','2025-10-21 22:39:56'),(332,'tester1','2025-10-21 22:40:59'),(333,'test','2025-10-21 22:39:52'),(333,'tester1','2025-10-21 22:40:54'),(334,'test','2025-10-21 22:39:52'),(334,'tester1','2025-10-21 22:40:54'),(335,'test','2025-10-21 22:40:15'),(335,'tester1','2025-10-21 22:40:54'),(336,'test','2025-10-21 22:41:54'),(336,'tester1','2025-10-21 22:40:59'),(337,'test','2025-10-21 22:41:54'),(337,'tester1','2025-10-21 22:40:59'),(338,'test','2025-10-21 22:41:51'),(338,'tester1','2025-10-21 22:40:54'),(339,'test','2025-10-21 22:41:51'),(339,'tester1','2025-10-21 22:41:11'),(340,'test','2025-10-21 22:41:54'),(340,'tester1','2025-10-21 22:42:16'),(341,'test','2025-10-21 22:41:54'),(341,'tester1','2025-10-21 22:42:16'),(342,'test','2025-10-21 22:41:51'),(342,'tester1','2025-10-21 22:42:19'),(343,'test','2025-10-21 22:43:00'),(343,'tester1','2025-10-21 22:42:19'),(344,'test','2025-10-21 22:43:02'),(344,'tester1','2025-10-21 22:42:16'),(345,'test','2025-10-21 22:43:02'),(345,'tester1','2025-10-21 22:43:29'),(346,'test','2025-10-21 22:43:00'),(346,'tester1','2025-10-21 22:43:25'),(347,'test','2025-10-21 22:44:49'),(347,'tester1','2025-10-21 22:43:25'),(348,'test','2025-10-21 22:44:55'),(348,'tester1','2025-10-21 22:43:29'),(349,'test','2025-10-21 22:44:49'),(349,'tester1','2025-10-21 22:45:04'),(350,'test','2025-10-21 22:44:55'),(350,'tester1','2025-10-21 22:47:22'),(351,'test','2025-10-21 22:47:29'),(351,'tester1','2025-10-21 22:45:04'),(352,'test','2025-10-21 22:48:10'),(352,'tester1','2025-10-21 22:47:22'),(353,'test','2025-10-21 22:48:10'),(353,'tester1','2025-10-21 22:48:26'),(354,'test','2025-10-21 22:47:42'),(354,'tester1','2025-10-21 22:49:37'),(355,'test','2025-10-21 22:47:42'),(355,'tester1','2025-10-21 22:49:37'),(356,'test','2025-10-21 22:48:40'),(356,'tester1','2025-10-21 22:49:37'),(357,'test','2025-10-21 22:48:37'),(357,'tester1','2025-10-21 22:49:36'),(358,'test','2025-10-21 22:49:58'),(358,'tester1','2025-10-21 22:49:36'),(359,'test','2025-10-21 22:50:03'),(359,'tester1','2025-10-21 22:49:37'),(360,'test','2025-10-21 22:49:58'),(360,'tester1','2025-10-21 22:51:50'),(361,'test','2025-10-21 22:50:03'),(361,'tester1','2025-10-21 22:51:48'),(362,'test','2025-10-21 22:52:52'),(362,'tester1','2025-10-21 22:51:48'),(363,'test','2025-10-21 22:52:01'),(363,'tester1','2025-10-21 22:51:50'),(364,'test','2025-10-21 22:52:52'),(364,'tester1','2025-10-21 22:53:10'),(365,'test','2025-10-21 22:52:01'),(365,'tester1','2025-10-21 22:53:07'),(366,'test','2025-10-21 22:55:50'),(366,'tester1','2025-10-21 22:53:10'),(367,'test','2025-10-21 22:55:51'),(367,'tester1','2025-10-21 22:53:07'),(368,'test','2025-10-21 22:55:51'),(368,'tester1','2025-10-21 22:54:46'),(369,'test','2025-10-21 22:55:50'),(369,'tester1','2025-10-21 22:54:55'),(370,'test','2025-10-21 22:55:50'),(370,'tester1','2025-10-21 22:54:55'),(371,'test','2025-10-21 22:55:51'),(371,'tester1','2025-10-21 22:55:13'),(372,'test','2025-10-21 22:55:51'),(372,'tester1','2025-10-21 22:55:13'),(373,'test','2025-10-21 22:55:50'),(373,'tester1','2025-10-21 22:55:53'),(374,'test','2025-10-21 22:55:50'),(374,'tester1','2025-10-21 22:55:53'),(375,'test','2025-10-21 22:55:50'),(375,'tester1','2025-10-21 22:55:53'),(376,'test','2025-10-21 22:55:51'),(376,'tester1','2025-10-21 22:55:53'),(377,'test','2025-10-21 22:58:21'),(377,'tester1','2025-10-21 23:01:24'),(378,'test','2025-10-21 22:58:22'),(378,'tester1','2025-10-21 23:01:23'),(379,'test','2025-10-21 23:03:15'),(379,'tester1','2025-10-21 23:01:23'),(380,'test','2025-10-21 23:03:14'),(380,'tester1','2025-10-21 23:01:24'),(381,'test','2025-10-21 23:03:14'),(381,'tester1','2025-10-21 23:03:32'),(382,'test','2025-10-21 23:03:15'),(382,'tester1','2025-10-21 23:03:30'),(383,'test','2025-10-21 23:07:50'),(383,'tester1','2025-10-21 23:03:30'),(384,'test','2025-10-21 23:07:52'),(384,'tester1','2025-10-21 23:03:32'),(385,'test','2025-10-21 23:07:50'),(385,'tester1','2025-10-21 23:03:35'),(386,'test','2025-10-21 23:07:50'),(386,'tester1','2025-10-21 23:08:12'),(387,'test','2025-10-21 23:07:55'),(387,'tester1','2025-10-21 23:08:11'),(388,'test','2025-10-22 12:54:10'),(388,'tester1','2025-10-21 23:08:12'),(389,'test','2025-10-22 12:54:10'),(389,'tester1','2025-10-21 23:08:16'),(390,'test','2025-10-22 12:54:11'),(390,'tester1','2025-10-22 13:07:56'),(391,'test','2025-10-22 13:08:13'),(391,'tester1','2025-10-22 13:07:56'),(392,'test','2025-10-22 13:08:21'),(392,'tester1','2025-10-22 13:07:59'),(393,'test','2025-10-22 13:08:21'),(394,'test','2025-10-22 13:08:13'),(395,'test','2025-10-22 15:42:47'),(396,'aaa123','2025-10-22 15:39:41'),(396,'test','2025-10-22 15:42:24'),(397,'aaa123','2025-10-22 15:45:25'),(397,'test','2025-10-22 15:42:50'),(398,'aaa123','2025-10-22 15:45:47'),(398,'test','2025-10-22 15:45:33'),(399,'aaa123','2025-10-22 15:45:47'),(399,'test','2025-10-22 15:57:59'),(400,'aaa123','2025-10-22 15:58:05'),(400,'test','2025-10-22 15:58:24'),(401,'aaa123','2025-10-22 15:58:30'),(401,'test','2025-10-22 15:58:24'),(402,'aaa123','2025-10-22 15:58:30'),(402,'test','2025-10-22 15:58:24'),(403,'aaa123','2025-10-22 15:58:30'),(403,'test','2025-10-22 15:58:36'),(404,'aaa123','2025-10-22 16:27:38'),(404,'test','2025-10-22 15:58:36'),(405,'test','2025-10-22 16:00:53'),(406,'aaa123','2025-10-22 16:27:38'),(406,'test','2025-10-22 16:01:00'),(407,'aaa123','2025-10-22 16:27:38'),(408,'abc123','2025-10-22 17:39:07'),(408,'asd123','2025-10-22 17:39:02'),(409,'abc123','2025-10-22 17:39:07'),(409,'asd123','2025-10-22 17:39:02'),(410,'abc123','2025-10-22 17:39:07'),(410,'asd123','2025-10-22 17:40:23'),(411,'asd123','2025-10-22 17:40:23');
/*!40000 ALTER TABLE `message_reads` ENABLE KEYS */;
UNLOCK TABLES;

--
-- Table structure for table `notice`
--

DROP TABLE IF EXISTS `notice`;
/*!40101 SET @saved_cs_client     = @@character_set_client */;
/*!50503 SET character_set_client = utf8mb4 */;
CREATE TABLE `notice` (
  `writer` varchar(100) NOT NULL COMMENT '작성자',
  `notice_idx` int(20) NOT NULL AUTO_INCREMENT COMMENT '공지글 인덱스',
  `title` varchar(200) NOT NULL COMMENT '제목',
  `contents` varchar(1000) NOT NULL COMMENT '내용',
  `created_dt` datetime NOT NULL COMMENT '작성일시',
  `deleted_yn` char(1) NOT NULL DEFAULT 'N' COMMENT '삭제여부',
  PRIMARY KEY (`notice_idx`)
) ENGINE=InnoDB AUTO_INCREMENT=2 DEFAULT CHARSET=utf8;
/*!40101 SET character_set_client = @saved_cs_client */;

--
-- Dumping data for table `notice`
--

LOCK TABLES `notice` WRITE;
/*!40000 ALTER TABLE `notice` DISABLE KEYS */;
INSERT INTO `notice` VALUES ('admin',1,'테스트 공지입니다','이것은 테스트용 공지 내용입니다.','2025-09-19 16:06:43','N');
/*!40000 ALTER TABLE `notice` ENABLE KEYS */;
UNLOCK TABLES;

--
-- Table structure for table `pay_list`
--

DROP TABLE IF EXISTS `pay_list`;
/*!40101 SET @saved_cs_client     = @@character_set_client */;
/*!50503 SET character_set_client = utf8mb4 */;
CREATE TABLE `pay_list` (
  `pl_idx` int(11) NOT NULL AUTO_INCREMENT COMMENT '결제 리스트 인덱스',
  `user_id1` varchar(100) NOT NULL COMMENT '보낸사람',
  `user_id2` varchar(100) DEFAULT 'Bridge' COMMENT '받는 사람',
  `pl_money` int(11) NOT NULL COMMENT '보낸 금액',
  `pl_date` date NOT NULL COMMENT '보낸 시간',
  `pd_idx` int(11) DEFAULT NULL,
  PRIMARY KEY (`pl_idx`),
  KEY `user_id1` (`user_id1`),
  KEY `user_id2` (`user_id2`),
  CONSTRAINT `pay_list_ibfk_1` FOREIGN KEY (`user_id1`) REFERENCES `users` (`user_id`),
  CONSTRAINT `pay_list_ibfk_2` FOREIGN KEY (`user_id2`) REFERENCES `users` (`user_id`)
) ENGINE=InnoDB AUTO_INCREMENT=75 DEFAULT CHARSET=utf8;
/*!40101 SET character_set_client = @saved_cs_client */;

--
-- Dumping data for table `pay_list`
--

LOCK TABLES `pay_list` WRITE;
/*!40000 ALTER TABLE `pay_list` DISABLE KEYS */;
INSERT INTO `pay_list` VALUES (1,'test','test',3000,'2025-10-01',NULL),(2,'test','test',1000,'2025-10-01',NULL),(3,'test','test',1000,'2025-10-01',NULL),(4,'test','tester1',1000,'2025-10-01',NULL),(5,'tester1','tester1',1000,'2025-10-01',NULL),(6,'test','test',1000,'2025-10-01',NULL),(7,'test','tester1',1000,'2025-10-01',NULL),(8,'test','tester1',1000,'2025-10-01',NULL),(9,'tester1','tester1',500,'2025-10-01',NULL),(10,'tester1','tester1',500,'2025-10-01',NULL),(11,'tester1','test',1500,'2025-10-02',NULL),(12,'tester1','test',1500,'2025-10-02',NULL),(13,'tester1','test',1500,'2025-10-02',NULL),(14,'tester1','test',1500,'2025-10-02',NULL),(15,'tester1','test',1500,'2025-10-02',NULL),(16,'tester1','test',1500,'2025-10-02',NULL),(17,'tester1','test',1500,'2025-10-02',NULL),(18,'tester1','test',1500,'2025-10-02',NULL),(19,'tester1','test',1500,'2025-10-02',NULL),(20,'tester1','test',1500,'2025-10-02',NULL),(21,'tester1','test',1500,'2025-10-02',NULL),(22,'tester1','test',1500,'2025-10-02',NULL),(23,'tester1','test',1500,'2025-10-02',NULL),(24,'tester1','test',1500,'2025-10-02',NULL),(25,'tester1','test',0,'2025-10-02',NULL),(26,'tester1','test',1500,'2025-10-02',NULL),(27,'tester1','test',1500,'2025-10-02',NULL),(28,'tester1','test',1500,'2025-10-02',NULL),(29,'tester1','test',500,'2025-10-02',NULL),(30,'tester1','test',500,'2025-10-02',NULL),(31,'tester1','test',500,'2025-10-02',NULL),(32,'tester1','test',500,'2025-10-02',NULL),(33,'tester1','test',500,'2025-10-02',NULL),(34,'tester1','test',1500,'2025-10-09',NULL),(35,'tester1','test',1000,'2025-10-09',NULL),(36,'tester1','test',1000,'2025-10-09',NULL),(37,'tester1','test',500,'2025-10-09',NULL),(38,'tester1','test',500,'2025-10-09',NULL),(39,'tester1','test',1000,'2025-10-09',NULL),(40,'tester1','test',500,'2025-10-09',NULL),(41,'tester1','test',500,'2025-10-09',NULL),(42,'tester1','test',100,'2025-10-11',NULL),(43,'tester1','test',400,'2025-10-11',NULL),(44,'tester1','test',500,'2025-10-11',NULL),(45,'tester1','test',100,'2025-10-11',NULL),(46,'tester1','test',400,'2025-10-12',NULL),(47,'tester1','test',100,'2025-10-12',NULL),(48,'tester1','test',100,'2025-10-14',NULL),(49,'tester1','test',100,'2025-10-14',NULL),(50,'tester1','test',100,'2025-10-14',NULL),(51,'tester1','test',100,'2025-10-14',NULL),(52,'tester1','test',1500,'2025-10-16',NULL),(53,'tester1','test',500,'2025-10-16',NULL),(54,'test','tester1',1000,'2025-10-16',NULL),(55,'tester1','test',500,'2025-10-16',NULL),(56,'test','tester1',1000,'2025-10-16',NULL),(57,'tester1','test',500,'2025-10-16',NULL),(58,'tester1','test',500,'2025-10-16',NULL),(59,'tester1','test',500,'2025-10-16',NULL),(60,'test','tester1',10000,'2025-10-16',NULL),(61,'tester1','test',1000,'2025-10-16',NULL),(62,'tester1','test',1000,'2025-10-17',NULL),(63,'test','tester1',500,'2025-10-17',NULL),(64,'test','tester1',1000,'2025-10-20',NULL),(65,'tester1','test',500,'2025-10-20',NULL),(66,'test','tester1',1500,'2025-10-21',NULL),(67,'tester1','test',500,'2025-10-21',NULL),(68,'tester1','test',500,'2025-10-21',NULL),(69,'test','tester1',1000,'2025-10-21',NULL),(70,'tester1','test',500,'2025-10-21',NULL),(71,'tester1','test',1000,'2025-10-21',NULL),(72,'test','aaa123',1500,'2025-10-22',NULL),(73,'abc123','asd123',1000,'2025-10-22',NULL),(74,'test','asd123',1000,'2025-10-27',NULL);
/*!40000 ALTER TABLE `pay_list` ENABLE KEYS */;
UNLOCK TABLES;

--
-- Table structure for table `payment`
--

DROP TABLE IF EXISTS `payment`;
/*!40101 SET @saved_cs_client     = @@character_set_client */;
/*!50503 SET character_set_client = utf8mb4 */;
CREATE TABLE `payment` (
  `payment_idx` int(11) NOT NULL AUTO_INCREMENT COMMENT '결제 인덱스',
  `clients` varchar(100) NOT NULL COMMENT '의뢰인',
  `producer` varchar(100) NOT NULL COMMENT '제작자',
  `downpayment` int(11) NOT NULL COMMENT '거래 금액',
  `usepoint` int(11) DEFAULT NULL COMMENT '포인트 사용액',
  `payment_dt` datetime DEFAULT CURRENT_TIMESTAMP COMMENT '결제 날짜',
  PRIMARY KEY (`payment_idx`),
  KEY `clients` (`clients`),
  KEY `producer` (`producer`),
  CONSTRAINT `payment_ibfk_1` FOREIGN KEY (`clients`) REFERENCES `users` (`user_id`),
  CONSTRAINT `payment_ibfk_2` FOREIGN KEY (`producer`) REFERENCES `users` (`user_id`)
) ENGINE=InnoDB AUTO_INCREMENT=91 DEFAULT CHARSET=utf8;
/*!40101 SET character_set_client = @saved_cs_client */;

--
-- Dumping data for table `payment`
--

LOCK TABLES `payment` WRITE;
/*!40000 ALTER TABLE `payment` DISABLE KEYS */;
INSERT INTO `payment` VALUES (1,'test','test',3000,3000,'2025-10-01 16:08:42'),(2,'test','test',3000,3000,'2025-10-01 16:10:53'),(3,'test','test',1000,1000,'2025-10-01 16:17:51'),(4,'test','test',1000,1000,'2025-10-01 16:29:19'),(5,'test','tester1',1000,1000,'2025-10-01 17:14:06'),(6,'tester1','tester1',1000,1000,'2025-10-01 17:20:29'),(7,'test','test',1000,1000,'2025-10-01 17:23:46'),(8,'test','tester1',1000,1000,'2025-10-01 17:26:24'),(9,'test','tester1',1000,1000,'2025-10-01 17:38:32'),(10,'tester1','tester1',500,500,'2025-10-01 20:49:38'),(11,'tester1','tester1',500,500,'2025-10-01 20:52:11'),(12,'tester1','test',1500,1500,'2025-10-02 15:58:39'),(13,'tester1','test',1500,1500,'2025-10-02 15:58:57'),(14,'tester1','test',1500,1500,'2025-10-02 16:00:45'),(15,'tester1','test',1500,1500,'2025-10-02 16:00:51'),(16,'tester1','test',1500,1500,'2025-10-02 16:02:07'),(17,'tester1','test',1500,1500,'2025-10-02 16:02:27'),(18,'tester1','test',1500,1500,'2025-10-02 16:03:28'),(19,'tester1','test',1500,1500,'2025-10-02 16:03:47'),(20,'tester1','test',1500,1500,'2025-10-02 16:05:58'),(21,'tester1','test',1500,1500,'2025-10-02 16:08:42'),(22,'tester1','test',1500,1500,'2025-10-02 16:23:55'),(23,'tester1','test',1500,1500,'2025-10-02 16:26:38'),(24,'tester1','test',1500,1500,'2025-10-02 16:28:09'),(25,'tester1','test',1500,1500,'2025-10-02 16:39:00'),(26,'tester1','test',0,1500,'2025-10-02 16:53:58'),(27,'tester1','test',1500,1500,'2025-10-02 17:04:10'),(28,'tester1','test',1500,1500,'2025-10-02 18:38:18'),(29,'tester1','test',1500,1500,'2025-10-02 19:00:26'),(30,'tester1','test',1500,1500,'2025-10-02 19:01:57'),(31,'tester1','test',1500,1500,'2025-10-02 19:02:10'),(32,'tester1','test',1500,1500,'2025-10-02 19:02:37'),(33,'tester1','test',1500,1500,'2025-10-02 19:03:56'),(34,'tester1','test',1500,1500,'2025-10-02 19:12:50'),(35,'tester1','test',1500,1500,'2025-10-02 19:12:52'),(36,'tester1','test',1500,1500,'2025-10-02 19:12:57'),(37,'tester1','test',1500,1500,'2025-10-02 19:17:29'),(38,'tester1','test',1500,1500,'2025-10-02 19:17:50'),(39,'tester1','test',1500,1500,'2025-10-02 19:21:36'),(40,'tester1','test',500,500,'2025-10-02 19:25:51'),(41,'tester1','test',500,500,'2025-10-02 19:26:35'),(42,'tester1','test',500,500,'2025-10-02 19:27:47'),(43,'tester1','test',500,500,'2025-10-02 19:29:08'),(44,'tester1','test',500,500,'2025-10-02 19:32:13'),(45,'tester1','test',500,500,'2025-10-02 19:33:20'),(46,'tester1','test',500,500,'2025-10-02 19:34:21'),(47,'tester1','test',500,500,'2025-10-02 19:37:51'),(48,'tester1','test',500,500,'2025-10-02 20:01:04'),(49,'tester1','test',500,500,'2025-10-02 20:05:50'),(50,'tester1','test',1500,1500,'2025-10-09 17:16:32'),(51,'tester1','test',1000,1000,'2025-10-09 17:30:59'),(52,'tester1','test',1000,1000,'2025-10-09 17:35:42'),(53,'tester1','test',500,500,'2025-10-09 17:43:50'),(54,'tester1','test',500,500,'2025-10-09 18:01:57'),(55,'tester1','test',1000,1000,'2025-10-09 18:21:31'),(56,'tester1','test',500,500,'2025-10-09 18:29:18'),(57,'tester1','test',500,500,'2025-10-09 18:30:54'),(58,'tester1','test',100,100,'2025-10-11 18:31:15'),(59,'tester1','test',400,400,'2025-10-11 20:23:00'),(60,'tester1','test',500,500,'2025-10-11 20:33:30'),(61,'tester1','test',100,100,'2025-10-11 20:44:41'),(62,'tester1','test',400,400,'2025-10-12 14:15:56'),(63,'tester1','test',100,100,'2025-10-12 15:01:56'),(64,'tester1','test',100,100,'2025-10-14 14:14:33'),(65,'tester1','test',100,100,'2025-10-14 14:16:17'),(66,'tester1','test',100,100,'2025-10-14 14:23:15'),(67,'tester1','test',100,100,'2025-10-14 14:24:39'),(68,'tester1','test',1500,1500,'2025-10-16 16:29:33'),(69,'tester1','test',500,500,'2025-10-16 17:16:20'),(70,'test','tester1',1000,1000,'2025-10-16 17:30:45'),(71,'tester1','test',500,500,'2025-10-16 17:33:26'),(72,'test','tester1',1000,1000,'2025-10-16 18:25:33'),(73,'tester1','test',500,500,'2025-10-16 18:27:02'),(74,'tester1','test',500,500,'2025-10-16 18:54:21'),(75,'tester1','test',500,500,'2025-10-16 18:56:19'),(76,'test','tester1',10000,10000,'2025-10-16 18:57:57'),(77,'tester1','test',1000,1000,'2025-10-16 19:26:05'),(78,'tester1','test',1000,1000,'2025-10-17 17:29:05'),(79,'test','tester1',500,500,'2025-10-17 18:50:39'),(80,'test','tester1',1000,1000,'2025-10-20 22:50:54'),(81,'tester1','test',500,500,'2025-10-20 22:56:12'),(82,'test','tester1',1500,1500,'2025-10-21 11:10:41'),(83,'tester1','test',500,500,'2025-10-21 11:31:14'),(84,'tester1','test',500,500,'2025-10-21 11:40:13'),(85,'test','tester1',1000,1000,'2025-10-21 11:48:07'),(86,'tester1','test',500,500,'2025-10-21 12:10:58'),(87,'tester1','test',1000,1000,'2025-10-21 14:36:08'),(88,'test','aaa123',1500,1500,'2025-10-22 16:46:19'),(89,'abc123','asd123',1000,1000,'2025-10-22 17:39:50'),(90,'test','asd123',1000,1000,'2025-10-27 19:12:10');
/*!40000 ALTER TABLE `payment` ENABLE KEYS */;
UNLOCK TABLES;

--
-- Table structure for table `report`
--

DROP TABLE IF EXISTS `report`;
/*!40101 SET @saved_cs_client     = @@character_set_client */;
/*!50503 SET character_set_client = utf8mb4 */;
CREATE TABLE `report` (
  `report_idx` int(11) NOT NULL AUTO_INCREMENT COMMENT '리포트 인덱스',
  `report_reason` varchar(100) NOT NULL COMMENT '신고 사유',
  `report_reason_detail` varchar(100) NOT NULL COMMENT '신고 사유 디테일',
  `user_id` varchar(100) NOT NULL COMMENT '유저 아이디',
  `reported_user_id` varchar(100) NOT NULL COMMENT '신고자 아이디',
  PRIMARY KEY (`report_idx`),
  KEY `user_id` (`user_id`),
  CONSTRAINT `report_ibfk_1` FOREIGN KEY (`user_id`) REFERENCES `users` (`user_id`)
) ENGINE=InnoDB DEFAULT CHARSET=utf8;
/*!40101 SET character_set_client = @saved_cs_client */;

--
-- Dumping data for table `report`
--

LOCK TABLES `report` WRITE;
/*!40000 ALTER TABLE `report` DISABLE KEYS */;
/*!40000 ALTER TABLE `report` ENABLE KEYS */;
UNLOCK TABLES;

--
-- Table structure for table `t_chattingroom`
--

DROP TABLE IF EXISTS `t_chattingroom`;
/*!40101 SET @saved_cs_client     = @@character_set_client */;
/*!50503 SET character_set_client = utf8mb4 */;
CREATE TABLE `t_chattingroom` (
  `room_idx` int(11) NOT NULL AUTO_INCREMENT,
  `user_id1` varchar(255) NOT NULL,
  `user_id2` varchar(255) NOT NULL,
  `commission_idx` int(11) NOT NULL,
  `commission_writer_id` varchar(255) NOT NULL,
  `active` bit(1) NOT NULL,
  `created_at` datetime NOT NULL DEFAULT CURRENT_TIMESTAMP,
  PRIMARY KEY (`room_idx`),
  UNIQUE KEY `uq_user_pair_comm` (`user_id1`,`user_id2`,`commission_idx`)
) ENGINE=InnoDB AUTO_INCREMENT=15 DEFAULT CHARSET=utf8;
/*!40101 SET character_set_client = @saved_cs_client */;

--
-- Dumping data for table `t_chattingroom`
--

LOCK TABLES `t_chattingroom` WRITE;
/*!40000 ALTER TABLE `t_chattingroom` DISABLE KEYS */;
INSERT INTO `t_chattingroom` VALUES (1,'test','tester1',8,'tester1',_binary '\0','2025-10-22 17:05:31'),(2,'test','tester1',7,'test',_binary '\0','2025-10-22 17:05:31'),(3,'test','tester1',9,'test',_binary '\0','2025-10-22 17:05:31'),(4,'test','tester1',10,'tester1',_binary '\0','2025-10-22 17:05:31'),(5,'test','tester1',11,'tester1',_binary '\0','2025-10-22 17:05:31'),(6,'test','tester1',12,'test',_binary '\0','2025-10-22 17:05:31'),(7,'test','tester1',13,'tester1',_binary '\0','2025-10-22 17:05:31'),(8,'test','tester1',14,'tester1',_binary '\0','2025-10-22 17:05:31'),(9,'test','tester1',15,'tester1',_binary '','2025-10-22 17:05:31'),(10,'test','tester1',16,'test',_binary '','2025-10-22 17:05:31'),(11,'aaa123','test',16,'test',_binary '\0','2025-10-22 17:05:31'),(12,'asd123','test',16,'test',_binary '\0','2025-10-22 17:05:31'),(13,'abc123','asd123',17,'abc123',_binary '\0','2025-10-22 17:05:31'),(14,'userA','userB',111,'userA',_binary '','2025-10-27 12:29:38');
/*!40000 ALTER TABLE `t_chattingroom` ENABLE KEYS */;
UNLOCK TABLES;

--
-- Table structure for table `t_message`
--

DROP TABLE IF EXISTS `t_message`;
/*!40101 SET @saved_cs_client     = @@character_set_client */;
/*!50503 SET character_set_client = utf8mb4 */;
CREATE TABLE `t_message` (
  `message_idx` int(11) NOT NULL AUTO_INCREMENT,
  `created_time` datetime(6) NOT NULL,
  `data` varchar(255) NOT NULL,
  `room_idx` int(11) NOT NULL,
  `sent_at` datetime(6) NOT NULL,
  `writer` varchar(255) NOT NULL,
  PRIMARY KEY (`message_idx`)
) ENGINE=InnoDB AUTO_INCREMENT=462 DEFAULT CHARSET=utf8;
/*!40101 SET character_set_client = @saved_cs_client */;

--
-- Dumping data for table `t_message`
--

LOCK TABLES `t_message` WRITE;
/*!40000 ALTER TABLE `t_message` DISABLE KEYS */;
INSERT INTO `t_message` VALUES (1,'2025-10-18 19:42:03.966092','ㅎ2',1,'2025-10-18 19:42:03.966092','test'),(2,'2025-10-18 19:47:23.482575','ㅎ222',1,'2025-10-18 19:47:23.482575','tester1'),(3,'2025-10-18 19:47:33.740714','ㄴㅇㄴㅇ',1,'2025-10-18 19:47:33.740714','tester1'),(4,'2025-10-18 19:48:30.862218','hi',2,'2025-10-18 19:48:30.862218','tester1'),(5,'2025-10-18 19:48:49.546395','sss',1,'2025-10-18 19:48:49.546395','test'),(6,'2025-10-18 19:48:50.783449','sdsd',1,'2025-10-18 19:48:50.783449','test'),(7,'2025-10-18 19:56:34.988220','ㅇㅇ',1,'2025-10-18 19:56:34.988220','tester1'),(8,'2025-10-18 19:56:44.173143','ㄴㅇㄴㅇ',1,'2025-10-18 19:56:44.173143','tester1'),(9,'2025-10-18 19:57:00.732969','ㄹㄴㄹㄴ',2,'2025-10-18 19:57:00.732969','test'),(10,'2025-10-18 19:57:09.485574','읽었니?',1,'2025-10-18 19:57:09.485574','tester1'),(11,'2025-10-18 19:57:27.607112','아니지 아니지 이 대화하고있어 난',2,'2025-10-18 19:57:27.607112','test'),(12,'2025-10-18 19:57:34.185044','ㅇㄴㅇ',1,'2025-10-18 19:57:34.185044','tester1'),(13,'2025-10-18 19:57:44.334428','ㄴㄴㄴ',2,'2025-10-18 19:57:44.334428','test'),(14,'2025-10-18 19:58:03.277770','난 계속 이 대화로해',2,'2025-10-18 19:58:03.277770','test'),(15,'2025-10-18 19:58:27.061885','난 이거로 대화하고',1,'2025-10-18 19:58:27.061885','tester1'),(16,'2025-10-18 19:58:35.829054','아니지아니지',1,'2025-10-18 19:58:35.829054','tester1'),(17,'2025-10-18 19:58:44.387700','나만대화해',2,'2025-10-18 19:58:44.387700','test'),(18,'2025-10-18 20:07:34.397887','음 맞나? 그런가',1,'2025-10-18 20:07:34.397887','tester1'),(19,'2025-10-18 20:08:00.789152','아닐지도',1,'2025-10-18 20:08:00.789152','test'),(20,'2025-10-18 20:08:12.632508','ㄴㅇㄴㅇ',2,'2025-10-18 20:08:12.632508','tester1'),(21,'2025-10-18 20:08:17.342351','ㅁㄴㅇㅁㄴㅇ',2,'2025-10-18 20:08:17.342351','test'),(22,'2025-10-18 20:08:28.209918','ㅁㄴㅇㅁㄴㅇ',1,'2025-10-18 20:08:28.209918','test'),(23,'2025-10-18 20:15:24.874794','ㄴㄴㄴ',1,'2025-10-18 20:15:24.874794','test'),(24,'2025-10-18 20:15:30.763517','ㄴㄴ',1,'2025-10-18 20:15:30.763517','test'),(25,'2025-10-18 20:15:33.178558','ㅇㅇㅇ',2,'2025-10-18 20:15:33.178558','test'),(26,'2025-10-18 20:15:50.128786','ㅇㅇ?',2,'2025-10-18 20:15:50.128786','test'),(27,'2025-10-18 20:16:01.978991','ㅇ',2,'2025-10-18 20:16:01.978991','test'),(28,'2025-10-18 20:16:08.729004','ㅁㄴㅇㅁㄴㅇ',2,'2025-10-18 20:16:08.729004','test'),(29,'2025-10-18 20:16:14.557873','ㄴㅇㄴㅇ',1,'2025-10-18 20:16:14.557873','test'),(30,'2025-10-18 20:17:34.937791','ㅇㅋ',1,'2025-10-18 20:17:34.937791','test'),(31,'2025-10-18 20:19:07.794324','1',1,'2025-10-18 20:19:07.794324','tester1'),(32,'2025-10-18 20:19:11.128318','2',1,'2025-10-18 20:19:11.128318','tester1'),(33,'2025-10-18 20:19:12.621952','3',1,'2025-10-18 20:19:12.621952','tester1'),(34,'2025-10-18 20:19:14.032955','4',1,'2025-10-18 20:19:14.032955','tester1'),(35,'2025-10-18 20:19:24.809953','5',1,'2025-10-18 20:19:24.809953','tester1'),(36,'2025-10-18 20:19:36.338125','1',2,'2025-10-18 20:19:36.338125','tester1'),(37,'2025-10-18 20:19:38.875127','2',2,'2025-10-18 20:19:38.875127','tester1'),(38,'2025-10-18 20:19:39.742121','3',2,'2025-10-18 20:19:39.742121','tester1'),(39,'2025-10-18 20:19:40.642120','4',2,'2025-10-18 20:19:40.642120','tester1'),(40,'2025-10-18 20:20:53.510254','ㅇ',2,'2025-10-18 20:20:53.510254','tester1'),(41,'2025-10-18 21:32:31.143445','123',2,'2025-10-18 21:32:31.143445','tester1'),(42,'2025-10-18 21:32:40.020663','345',1,'2025-10-18 21:32:40.020663','tester1'),(43,'2025-10-18 21:33:05.080780','111',1,'2025-10-18 21:33:05.080780','test'),(44,'2025-10-18 21:33:10.643206','111222',2,'2025-10-18 21:33:10.643206','test'),(45,'2025-10-18 21:33:25.284564','1',2,'2025-10-18 21:33:25.284564','tester1'),(46,'2025-10-18 21:33:35.447686','12',1,'2025-10-18 21:33:35.447686','tester1'),(47,'2025-10-18 21:33:38.795728','1',2,'2025-10-18 21:33:38.795728','tester1'),(48,'2025-10-18 21:35:06.321463','원투',2,'2025-10-18 21:35:06.321463','test'),(49,'2025-10-18 21:35:12.474172','원투원투',1,'2025-10-18 21:35:12.474172','test'),(50,'2025-10-18 21:35:42.764708','ㅇㅇ',1,'2025-10-18 21:35:42.764708','test'),(51,'2025-10-18 21:38:17.789659','하나둘',1,'2025-10-18 21:38:17.789659','test'),(52,'2025-10-18 21:38:30.337040','셋',2,'2025-10-18 21:38:30.337040','test'),(53,'2025-10-18 21:38:52.396525','ㄴ',1,'2025-10-18 21:38:52.396525','tester1'),(54,'2025-10-18 21:38:55.597244','ㄴ',2,'2025-10-18 21:38:55.597244','tester1'),(55,'2025-10-18 21:48:31.860296','ㄴ',2,'2025-10-18 21:48:31.860296','tester1'),(56,'2025-10-18 21:48:34.583362','ㄴ',1,'2025-10-18 21:48:34.583362','tester1'),(57,'2025-10-18 22:09:53.976869','ㄴㄴㄴ',1,'2025-10-18 22:09:53.976869','tester1'),(58,'2025-10-18 22:09:56.374512','ㄴㄴ',2,'2025-10-18 22:09:56.374512','tester1'),(59,'2025-10-18 22:12:33.101430','안',2,'2025-10-18 22:12:33.101430','test'),(60,'2025-10-18 22:12:37.106820','녕',1,'2025-10-18 22:12:37.106820','test'),(61,'2025-10-18 22:14:07.230470','ㅇㅇ',2,'2025-10-18 22:14:07.230470','test'),(62,'2025-10-18 22:14:09.632476','ㄴㄴ',1,'2025-10-18 22:14:09.632476','test'),(63,'2025-10-18 22:14:18.607988','ㅎㅎ',1,'2025-10-18 22:14:18.607988','tester1'),(64,'2025-10-18 22:15:36.661018','ㅇㅇ',1,'2025-10-18 22:15:36.661018','tester1'),(65,'2025-10-18 22:17:09.263511','ㄴㄴ',1,'2025-10-18 22:17:09.263511','tester1'),(66,'2025-10-18 22:17:16.711026','ㄴㄴ',1,'2025-10-18 22:17:16.711026','tester1'),(67,'2025-10-18 22:27:02.260813','ㄴㄴ',2,'2025-10-18 22:27:02.260813','tester1'),(68,'2025-10-18 22:27:06.123025','ㄴㄴㅇㅇ',1,'2025-10-18 22:27:06.123025','tester1'),(69,'2025-10-18 22:27:13.627957','ㅇ',1,'2025-10-18 22:27:13.627957','test'),(70,'2025-10-18 22:27:16.165578','ㅁ',2,'2025-10-18 22:27:16.165578','test'),(71,'2025-10-18 22:27:47.562654','ㅎ2',2,'2025-10-18 22:27:47.562654','test'),(72,'2025-10-18 22:27:58.325685','ㅎ2',2,'2025-10-18 22:27:58.325685','tester1'),(73,'2025-10-18 22:28:12.267766','ㅇㅇ',2,'2025-10-18 22:28:12.267766','test'),(74,'2025-10-18 22:28:26.105517','ㅁㄴㅇ',2,'2025-10-18 22:28:26.105517','tester1'),(75,'2025-10-18 22:28:40.184643','ㄴㅇㄴㅇㄴㅇ',2,'2025-10-18 22:28:40.184643','test'),(76,'2025-10-18 22:30:19.466925','ㄴㅇ',1,'2025-10-18 22:30:19.466925','test'),(77,'2025-10-18 22:30:37.842013','ㄴㄴ',1,'2025-10-18 22:30:37.842013','test'),(78,'2025-10-18 22:34:27.058761','ㅎ2',1,'2025-10-18 22:34:27.058761','test'),(79,'2025-10-18 22:34:36.615110','ㅇㅇ',1,'2025-10-18 22:34:36.615110','tester1'),(80,'2025-10-19 11:48:51.479630','?',1,'2025-10-19 11:48:51.479630','tester1'),(81,'2025-10-19 11:49:02.166358','??',2,'2025-10-19 11:49:02.166358','tester1'),(82,'2025-10-19 11:49:39.720244','1',2,'2025-10-19 11:49:39.720244','tester1'),(83,'2025-10-19 11:49:45.653400','2',1,'2025-10-19 11:49:45.653400','tester1'),(84,'2025-10-19 11:49:48.780937','3',2,'2025-10-19 11:49:48.780937','tester1'),(85,'2025-10-19 11:51:05.164506','12',1,'2025-10-19 11:51:05.164506','tester1'),(86,'2025-10-19 11:51:07.962197','34',2,'2025-10-19 11:51:07.962197','tester1'),(87,'2025-10-19 11:51:34.056190','12',2,'2025-10-19 11:51:34.056190','test'),(88,'2025-10-19 11:51:41.082407','34',1,'2025-10-19 11:51:41.082407','test'),(89,'2025-10-19 11:52:18.637418','11',2,'2025-10-19 11:52:18.637418','test'),(90,'2025-10-19 11:52:36.951801','22',1,'2025-10-19 11:52:36.951801','test'),(91,'2025-10-19 11:52:49.530835','1',1,'2025-10-19 11:52:49.530835','test'),(92,'2025-10-19 11:52:52.081172','2',2,'2025-10-19 11:52:52.081172','test'),(93,'2025-10-19 12:19:19.614143','1',2,'2025-10-19 12:19:19.614143','test'),(94,'2025-10-19 12:19:23.235341','2',1,'2025-10-19 12:19:23.235341','test'),(95,'2025-10-19 12:19:33.683304','1',1,'2025-10-19 12:19:33.683304','test'),(96,'2025-10-19 12:19:37.401805','2',1,'2025-10-19 12:19:37.401805','test'),(97,'2025-10-19 12:19:43.335833','원',1,'2025-10-19 12:19:43.335833','test'),(98,'2025-10-19 12:19:49.425218','투',2,'2025-10-19 12:19:49.425218','test'),(99,'2025-10-19 12:19:57.555558','투투',2,'2025-10-19 12:19:57.555558','test'),(100,'2025-10-19 12:20:15.924379','원',2,'2025-10-19 12:20:15.924379','test'),(101,'2025-10-19 12:20:20.145554','투',1,'2025-10-19 12:20:20.145554','test'),(102,'2025-10-19 12:20:28.292382','ㄴㄴ',1,'2025-10-19 12:20:28.292382','test'),(103,'2025-10-19 12:21:54.808676','1',1,'2025-10-19 12:21:54.808676','test'),(104,'2025-10-19 12:21:57.217490','2',2,'2025-10-19 12:21:57.217490','test'),(105,'2025-10-19 12:23:52.099384','3',2,'2025-10-19 12:23:52.099384','test'),(106,'2025-10-19 12:23:54.641362','1',1,'2025-10-19 12:23:54.641362','test'),(107,'2025-10-19 12:23:55.953452','2',1,'2025-10-19 12:23:55.953452','test'),(108,'2025-10-19 12:28:32.025887','ㅁ',1,'2025-10-19 12:28:32.025887','tester1'),(109,'2025-10-19 12:28:34.701662','ㄴ',2,'2025-10-19 12:28:34.701662','tester1'),(110,'2025-10-19 12:28:41.176656','ㄴㄴ',2,'2025-10-19 12:28:41.176656','tester1'),(111,'2025-10-19 12:28:56.701523','ㅇㅇ',2,'2025-10-19 12:28:56.701523','test'),(112,'2025-10-19 12:29:00.555919','ㅇㅇㄴ',1,'2025-10-19 12:29:00.555919','test'),(113,'2025-10-19 12:29:14.963836','ㄴ',1,'2025-10-19 12:29:14.963836','test'),(114,'2025-10-19 12:30:53.885971','12',1,'2025-10-19 12:30:53.885971','test'),(115,'2025-10-19 12:30:57.688018','34',2,'2025-10-19 12:30:57.688018','test'),(116,'2025-10-19 12:31:15.636593','12',1,'2025-10-19 12:31:15.636593','tester1'),(117,'2025-10-19 12:31:19.522274','23',2,'2025-10-19 12:31:19.522274','tester1'),(118,'2025-10-19 12:48:00.118588','111',1,'2025-10-19 12:48:00.118588','test'),(119,'2025-10-19 12:48:03.007286','222',2,'2025-10-19 12:48:03.007286','test'),(120,'2025-10-19 12:48:14.572772','111',2,'2025-10-19 12:48:14.572772','tester1'),(121,'2025-10-19 12:48:18.719430','222',1,'2025-10-19 12:48:18.719430','tester1'),(122,'2025-10-19 12:48:54.541168','222',1,'2025-10-19 12:48:54.541168','test'),(123,'2025-10-19 12:55:57.638168','1',2,'2025-10-19 12:55:57.638168','test'),(124,'2025-10-19 12:56:00.704752','2',1,'2025-10-19 12:56:00.704752','test'),(125,'2025-10-19 12:56:18.798214','1',1,'2025-10-19 12:56:18.798214','tester1'),(126,'2025-10-19 12:56:21.570979','3',2,'2025-10-19 12:56:21.570979','tester1'),(127,'2025-10-19 12:59:01.515319','2',2,'2025-10-19 12:59:01.515319','test'),(128,'2025-10-19 12:59:09.097841','4',1,'2025-10-19 12:59:09.097841','test'),(129,'2025-10-19 12:59:12.143161','4',1,'2025-10-19 12:59:12.143161','test'),(130,'2025-10-19 12:59:17.558708','4',1,'2025-10-19 12:59:17.558708','test'),(131,'2025-10-19 13:02:43.975241','3',2,'2025-10-19 13:02:43.975241','test'),(132,'2025-10-19 13:02:53.079960','5',1,'2025-10-19 13:02:53.079960','test'),(133,'2025-10-19 13:03:14.163513','1',1,'2025-10-19 13:03:14.163513','test'),(134,'2025-10-19 13:03:17.815447','2',2,'2025-10-19 13:03:17.815447','test'),(135,'2025-10-19 13:03:26.516235','1',2,'2025-10-19 13:03:26.516235','tester1'),(136,'2025-10-19 13:03:30.520969','2',1,'2025-10-19 13:03:30.520969','tester1'),(137,'2025-10-19 13:36:58.100565','ㅇ',2,'2025-10-19 13:36:58.100565','test'),(138,'2025-10-19 13:38:34.718241','ㄴㅇㄴㅇ',2,'2025-10-19 13:38:34.718241','tester1'),(139,'2025-10-19 13:48:14.624897','ㅁㅁ',2,'2025-10-19 13:48:14.624897','test'),(140,'2025-10-19 13:48:19.544446','ㅇㅇ',2,'2025-10-19 13:48:19.544446','test'),(141,'2025-10-19 13:48:28.320189','ㄴ',2,'2025-10-19 13:48:28.320189','test'),(142,'2025-10-19 13:51:02.625437','ㅇㅇ',2,'2025-10-19 13:51:02.625437','test'),(143,'2025-10-19 13:51:20.063277','ㄴ',1,'2025-10-19 13:51:20.063277','test'),(144,'2025-10-19 13:53:27.502305','안녕하세요',1,'2025-10-19 13:53:27.502305','tester1'),(145,'2025-10-19 13:53:42.164223','두번째 테스트방입니다',2,'2025-10-19 13:53:42.164223','tester1'),(146,'2025-10-19 14:46:19.115434','1',2,'2025-10-19 14:46:19.115434','test'),(147,'2025-10-19 14:46:22.609505','2',1,'2025-10-19 14:46:22.609505','test'),(148,'2025-10-19 14:47:39.614273','33',1,'2025-10-19 14:47:39.614273','test'),(149,'2025-10-19 14:49:43.371853','11',1,'2025-10-19 14:49:43.371853','tester1'),(150,'2025-10-19 14:49:49.698789','22',2,'2025-10-19 14:49:49.698789','tester1'),(151,'2025-10-19 14:50:27.778020','2233',2,'2025-10-19 14:50:27.778020','test'),(152,'2025-10-19 14:50:53.698962','22',2,'2025-10-19 14:50:53.698962','tester1'),(153,'2025-10-19 14:51:18.444183','33',2,'2025-10-19 14:51:18.444183','test'),(154,'2025-10-19 15:11:40.845799','11',2,'2025-10-19 15:11:40.845799','test'),(155,'2025-10-19 15:11:47.377256','22',1,'2025-10-19 15:11:47.377256','test'),(156,'2025-10-19 15:12:04.320600','2233',1,'2025-10-19 15:12:04.320600','test'),(157,'2025-10-19 15:12:12.608799','34',2,'2025-10-19 15:12:12.608799','test'),(158,'2025-10-19 15:16:00.657340','12',2,'2025-10-19 15:16:00.657340','test'),(159,'2025-10-19 15:16:02.943675','34',1,'2025-10-19 15:16:02.943675','test'),(160,'2025-10-19 15:16:44.234136','1',1,'2025-10-19 15:16:44.234136','test'),(161,'2025-10-19 15:16:48.987897','2',2,'2025-10-19 15:16:48.987897','test'),(162,'2025-10-19 15:17:28.259629','안',1,'2025-10-19 15:17:28.259629','tester1'),(163,'2025-10-19 15:17:34.785566','녕',2,'2025-10-19 15:17:34.785566','tester1'),(164,'2025-10-19 15:41:56.802429','안냐쎄요',1,'2025-10-19 15:41:56.802429','test'),(165,'2025-10-19 15:42:03.994872','너도안냐쎄요',2,'2025-10-19 15:42:03.994872','test'),(166,'2025-10-19 15:45:44.989990','1234',2,'2025-10-19 15:45:44.989990','test'),(167,'2025-10-19 15:45:50.183418','5678',1,'2025-10-19 15:45:50.183418','test'),(168,'2025-10-19 16:13:03.928083','1',1,'2025-10-19 16:13:03.928083','test'),(169,'2025-10-19 16:13:14.184297','2',2,'2025-10-19 16:13:14.184297','test'),(170,'2025-10-19 16:13:30.835502','22',2,'2025-10-19 16:13:30.835502','test'),(171,'2025-10-19 16:13:38.020330','11',1,'2025-10-19 16:13:38.020330','test'),(172,'2025-10-19 16:13:47.779111','3',1,'2025-10-19 16:13:47.779111','test'),(173,'2025-10-19 16:13:54.867310','4',2,'2025-10-19 16:13:54.867310','test'),(174,'2025-10-19 16:14:38.735186','11',1,'2025-10-19 16:14:38.735186','tester1'),(175,'2025-10-19 16:14:42.980734','22',2,'2025-10-19 16:14:42.980734','tester1'),(176,'2025-10-19 16:14:59.998020','33',2,'2025-10-19 16:14:59.998020','tester1'),(177,'2025-10-19 16:15:04.378422','22',1,'2025-10-19 16:15:04.378422','tester1'),(178,'2025-10-19 16:17:01.782364','도대체가 뭐야',1,'2025-10-19 16:17:01.782364','test'),(179,'2025-10-19 16:17:19.932458','이건 또 왜 상단 깜빡이고',2,'2025-10-19 16:17:19.932458','test'),(180,'2025-10-19 16:17:38.037097','?',1,'2025-10-19 16:17:38.037097','test'),(181,'2025-10-19 16:25:23.934679','11',1,'2025-10-19 16:25:23.934679','tester1'),(182,'2025-10-19 16:25:27.185232','22',2,'2025-10-19 16:25:27.185232','tester1'),(183,'2025-10-19 16:25:34.798282','11',2,'2025-10-19 16:25:34.798282','tester1'),(184,'2025-10-19 16:25:39.299072','22',1,'2025-10-19 16:25:39.299072','tester1'),(185,'2025-10-19 20:49:19.271717','33',1,'2025-10-19 20:49:19.271717','test'),(186,'2025-10-19 20:49:23.984224','22',2,'2025-10-19 20:49:23.984224','test'),(187,'2025-10-19 20:50:00.647957','11',2,'2025-10-19 20:50:00.647957','test'),(188,'2025-10-19 20:50:32.063148','11',2,'2025-10-19 20:50:32.063148','test'),(189,'2025-10-19 20:50:38.736222','11',2,'2025-10-19 20:50:38.736222','test'),(190,'2025-10-19 20:50:54.738470','ㄱㄱ',2,'2025-10-19 20:50:54.738470','test'),(191,'2025-10-19 20:52:07.608612','33232',2,'2025-10-19 20:52:07.608612','test'),(192,'2025-10-19 20:52:12.759050','1123',1,'2025-10-19 20:52:12.759050','test'),(193,'2025-10-19 20:52:35.444272','22',1,'2025-10-19 20:52:35.444272','test'),(194,'2025-10-19 20:52:38.331535','3',1,'2025-10-19 20:52:38.331535','test'),(195,'2025-10-19 20:52:40.191282','4',1,'2025-10-19 20:52:40.191282','test'),(196,'2025-10-19 20:52:43.566440','1',2,'2025-10-19 20:52:43.566440','test'),(197,'2025-10-19 20:52:46.918801','2',2,'2025-10-19 20:52:46.918801','test'),(198,'2025-10-19 20:52:51.852196','22',2,'2025-10-19 20:52:51.852196','test'),(199,'2025-10-19 20:53:41.864818','asd',2,'2025-10-19 20:53:41.864818','tester1'),(200,'2025-10-19 20:53:45.036676','asd',1,'2025-10-19 20:53:45.036676','tester1'),(201,'2025-10-19 20:53:55.655066','asd',2,'2025-10-19 20:53:55.655066','tester1'),(202,'2025-10-19 20:53:58.556148','ss',2,'2025-10-19 20:53:58.556148','tester1'),(203,'2025-10-19 20:54:08.928984','a',1,'2025-10-19 20:54:08.928984','tester1'),(204,'2025-10-19 20:57:46.694617','11',1,'2025-10-19 20:57:46.694617','tester1'),(205,'2025-10-19 20:57:50.465989','22',2,'2025-10-19 20:57:50.465989','tester1'),(206,'2025-10-19 20:58:04.355017','11',2,'2025-10-19 20:58:04.355017','test'),(207,'2025-10-19 20:58:07.676879','22',2,'2025-10-19 20:58:07.676879','test'),(208,'2025-10-19 20:58:12.355215','22',2,'2025-10-19 20:58:12.355215','test'),(209,'2025-10-19 20:58:15.843817','33',1,'2025-10-19 20:58:15.843817','test'),(210,'2025-10-19 22:19:09.931066','1',1,'2025-10-19 22:19:09.931066','test'),(211,'2025-10-19 22:19:13.807366','2',1,'2025-10-19 22:19:13.807366','test'),(212,'2025-10-19 22:19:18.187145','3',1,'2025-10-19 22:19:18.187145','test'),(213,'2025-10-19 22:19:22.336910','1',2,'2025-10-19 22:19:22.336910','test'),(214,'2025-10-19 22:19:26.939754','2',1,'2025-10-19 22:19:26.939754','test'),(215,'2025-10-19 22:19:47.565246','33',1,'2025-10-19 22:19:47.565246','test'),(216,'2025-10-19 22:20:00.864695','1',1,'2025-10-19 22:20:00.864695','tester1'),(217,'2025-10-19 22:20:05.939575','3333',2,'2025-10-19 22:20:05.939575','tester1'),(218,'2025-10-19 22:20:09.773003','222',1,'2025-10-19 22:20:09.773003','tester1'),(219,'2025-10-19 22:20:20.676759','4',2,'2025-10-19 22:20:20.676759','tester1'),(220,'2025-10-19 22:20:25.066795','5',2,'2025-10-19 22:20:25.066795','tester1'),(221,'2025-10-19 22:20:33.397565','2',1,'2025-10-19 22:20:33.397565','tester1'),(222,'2025-10-19 22:20:37.238958','33',1,'2025-10-19 22:20:37.238958','tester1'),(223,'2025-10-19 22:20:40.561826','44444',1,'2025-10-19 22:20:40.561826','tester1'),(224,'2025-10-20 19:10:11.275179','ㅎ2',1,'2025-10-20 19:10:11.275179','test'),(225,'2025-10-20 19:10:15.708291','ㅎ2',2,'2025-10-20 19:10:15.708291','test'),(226,'2025-10-20 19:10:40.698617','ㅎ2',1,'2025-10-20 19:10:40.698617','test'),(227,'2025-10-20 19:10:48.258661','ㄹ3',2,'2025-10-20 19:10:48.258661','test'),(228,'2025-10-20 19:10:53.808008','ㄹㄹ',2,'2025-10-20 19:10:53.808008','test'),(229,'2025-10-20 19:12:47.986044','ㅎ1',1,'2025-10-20 19:12:47.986044','tester1'),(230,'2025-10-20 19:12:51.388960','ㅎ2',2,'2025-10-20 19:12:51.388960','tester1'),(231,'2025-10-20 19:13:05.564773','ㄴㄴ',2,'2025-10-20 19:13:05.564773','tester1'),(232,'2025-10-20 19:13:08.100053','ㅇㅇ',1,'2025-10-20 19:13:08.100053','tester1'),(233,'2025-10-20 19:13:37.915035','11',1,'2025-10-20 19:13:37.915035','tester1'),(234,'2025-10-20 19:13:40.729030','22',2,'2025-10-20 19:13:40.729030','tester1'),(235,'2025-10-20 19:13:59.215799','44',2,'2025-10-20 19:13:59.215799','test'),(236,'2025-10-20 19:14:02.192796','33',1,'2025-10-20 19:14:02.192796','test'),(237,'2025-10-20 19:27:55.293352','11',1,'2025-10-20 19:27:55.293352','tester1'),(238,'2025-10-20 19:27:58.413199','22',2,'2025-10-20 19:27:58.413199','tester1'),(239,'2025-10-20 19:28:30.903739','22',2,'2025-10-20 19:28:30.903739','test'),(240,'2025-10-20 19:28:36.897806','11',1,'2025-10-20 19:28:36.897806','test'),(241,'2025-10-20 19:28:40.504664','22',2,'2025-10-20 19:28:40.504664','test'),(242,'2025-10-20 19:28:55.257237','1',1,'2025-10-20 19:28:55.257237','tester1'),(243,'2025-10-20 19:28:58.144790','2',2,'2025-10-20 19:28:58.144790','tester1'),(244,'2025-10-20 19:30:40.343453','ㅎㅎㅎㅎ',2,'2025-10-20 19:30:40.343453','tester1'),(245,'2025-10-20 19:30:47.050825','2222',1,'2025-10-20 19:30:47.050825','tester1'),(246,'2025-10-20 19:31:04.906511','33',1,'2025-10-20 19:31:04.906511','tester1'),(247,'2025-10-20 19:31:07.770506','1',1,'2025-10-20 19:31:07.770506','tester1'),(248,'2025-10-20 19:35:55.738038','아',1,'2025-10-20 19:35:55.738038','test'),(249,'2025-10-20 19:45:17.575921','1',1,'2025-10-20 19:45:17.575921','tester1'),(250,'2025-10-20 19:45:24.258246','2',2,'2025-10-20 19:45:24.258246','tester1'),(251,'2025-10-20 19:45:54.483289','22',1,'2025-10-20 19:45:54.483289','test'),(252,'2025-10-20 19:45:58.840986','33',2,'2025-10-20 19:45:58.840986','test'),(253,'2025-10-20 19:46:05.261120','33',2,'2025-10-20 19:46:05.261120','test'),(254,'2025-10-20 19:50:36.599576','11',1,'2025-10-20 19:50:36.599576','tester1'),(255,'2025-10-20 19:50:41.398934','22',1,'2025-10-20 19:50:41.398934','tester1'),(256,'2025-10-20 19:50:47.026401','3',1,'2025-10-20 19:50:47.026401','tester1'),(257,'2025-10-20 19:51:37.051462','11',1,'2025-10-20 19:51:37.051462','tester1'),(258,'2025-10-20 19:51:41.168896','22',2,'2025-10-20 19:51:41.168896','tester1'),(259,'2025-10-20 19:51:59.732503','ㅎ2',1,'2025-10-20 19:51:59.732503','test'),(260,'2025-10-20 19:52:05.170051','ㅎ3',2,'2025-10-20 19:52:05.170051','test'),(261,'2025-10-20 22:46:04.045528','111',2,'2025-10-20 22:46:04.045528','test'),(262,'2025-10-20 22:46:09.469942','222',1,'2025-10-20 22:46:09.469942','test'),(263,'2025-10-20 22:47:03.980702','333',1,'2025-10-20 22:47:03.980702','test'),(264,'2025-10-20 22:47:10.593098','222',2,'2025-10-20 22:47:10.593098','test'),(265,'2025-10-20 22:50:08.221255','g2',2,'2025-10-20 22:50:08.221255','tester1'),(266,'2025-10-20 22:50:15.666134','g3',1,'2025-10-20 22:50:15.666134','tester1'),(267,'2025-10-20 22:50:38.084167','__HANDSHAKE_START__',2,'2025-10-20 22:50:38.084167','test'),(268,'2025-10-20 22:54:22.118599','__HANDSHAKE_START__',1,'2025-10-20 22:54:22.118599','tester1'),(269,'2025-10-21 11:08:44.293526','g2',3,'2025-10-21 11:08:44.293526','tester1'),(270,'2025-10-21 11:08:50.858599','g2',3,'2025-10-21 11:08:50.858599','test'),(271,'2025-10-21 11:08:54.272392','rr',3,'2025-10-21 11:08:54.272392','test'),(272,'2025-10-21 11:08:59.527963','rr',3,'2025-10-21 11:08:59.527963','tester1'),(273,'2025-10-21 11:09:02.240610','__HANDSHAKE_START__',3,'2025-10-21 11:09:02.240610','test'),(274,'2025-10-21 11:30:45.913537','rr',4,'2025-10-21 11:30:45.913537','test'),(275,'2025-10-21 11:30:50.977054','dd',4,'2025-10-21 11:30:50.977054','tester1'),(276,'2025-10-21 11:30:51.680582','__HANDSHAKE_START__',4,'2025-10-21 11:30:51.680582','tester1'),(277,'2025-10-21 11:39:45.490324','rr',5,'2025-10-21 11:39:45.490324','test'),(278,'2025-10-21 11:39:50.328437','dd',5,'2025-10-21 11:39:50.328437','tester1'),(279,'2025-10-21 11:39:51.233176','__HANDSHAKE_START__',5,'2025-10-21 11:39:51.233176','tester1'),(280,'2025-10-21 11:44:19.797632','rr',6,'2025-10-21 11:44:19.797632','tester1'),(281,'2025-10-21 11:44:25.046530','dd',6,'2025-10-21 11:44:25.046530','test'),(282,'2025-10-21 11:44:25.579838','__HANDSHAKE_START__',6,'2025-10-21 11:44:25.579838','test'),(283,'2025-10-21 12:10:26.433647','ss',7,'2025-10-21 12:10:26.433647','test'),(284,'2025-10-21 12:10:31.663172','dd',7,'2025-10-21 12:10:31.663172','tester1'),(285,'2025-10-21 12:10:32.387571','__HANDSHAKE_START__',7,'2025-10-21 12:10:32.387571','tester1'),(286,'2025-10-21 14:35:30.792365','다시 ㄱㄱ',8,'2025-10-21 14:35:30.792365','test'),(287,'2025-10-21 14:35:41.126735','dzrrr',8,'2025-10-21 14:35:41.126735','tester1'),(288,'2025-10-21 14:35:49.443691','__HANDSHAKE_START__',8,'2025-10-21 14:35:49.443691','tester1'),(289,'2025-10-21 18:59:55.808942','ㅎ2',9,'2025-10-21 18:59:55.808942','test'),(290,'2025-10-21 19:02:38.983294','ㅇㅇ',9,'2025-10-21 19:02:38.983294','tester1'),(291,'2025-10-21 20:09:51.354836','ㄴㅇㄴㅇ',9,'2025-10-21 20:09:51.354836','test'),(292,'2025-10-21 20:10:04.036448','ㄴㄴ',9,'2025-10-21 20:10:04.036448','test'),(293,'2025-10-21 20:10:24.131167','ㅇㅇ',9,'2025-10-21 20:10:24.131167','tester1'),(294,'2025-10-21 20:10:41.267410','ㅇ',9,'2025-10-21 20:10:41.267410','tester1'),(295,'2025-10-21 20:16:08.159039','ㅇㅇ',9,'2025-10-21 20:16:08.159039','test'),(296,'2025-10-21 20:17:47.359529','ㄴㄴ',9,'2025-10-21 20:17:47.359529','test'),(297,'2025-10-21 20:17:59.180264','ㅇㅇ',9,'2025-10-21 20:17:59.180264','tester1'),(298,'2025-10-21 20:24:53.514728','ㅇㅇㄴ',9,'2025-10-21 20:24:53.514728','test'),(299,'2025-10-21 20:25:19.749444','ㄴㅇㄴㅇ',9,'2025-10-21 20:25:19.749444','tester1'),(300,'2025-10-21 20:25:49.391405','ㄴㄴ',9,'2025-10-21 20:25:49.391405','tester1'),(301,'2025-10-21 20:26:26.454864','ㄴㄴ',9,'2025-10-21 20:26:26.454864','test'),(302,'2025-10-21 20:26:47.307736','ㄴㄴ',9,'2025-10-21 20:26:47.307736','test'),(303,'2025-10-21 20:27:03.532443','ㅇ',9,'2025-10-21 20:27:03.532443','test'),(304,'2025-10-21 20:34:39.703477','ㅇㅇ',9,'2025-10-21 20:34:39.703477','test'),(305,'2025-10-21 20:34:57.331406','ㅇㅇㅇ',9,'2025-10-21 20:34:57.331406','tester1'),(306,'2025-10-21 20:37:34.770897','ㅇㅇ',9,'2025-10-21 20:37:34.770897','test'),(307,'2025-10-21 20:37:47.862207','ㄴㅇ',9,'2025-10-21 20:37:47.862207','test'),(308,'2025-10-21 20:46:28.576820','ㅎㅎ',9,'2025-10-21 20:46:28.576820','tester1'),(309,'2025-10-21 21:23:31.632547','ㅎㅎ',9,'2025-10-21 21:23:31.632547','tester1'),(310,'2025-10-21 21:23:42.731115','ㅎㅎ',9,'2025-10-21 21:23:42.731115','test'),(311,'2025-10-21 21:24:04.767097','ㅇㅇ',9,'2025-10-21 21:24:04.767097','tester1'),(312,'2025-10-21 21:30:15.257087','ㄹㄹ',9,'2025-10-21 21:30:15.257087','tester1'),(313,'2025-10-21 21:30:28.463551','ㄴㅇㄴㅇ',9,'2025-10-21 21:30:28.463551','test'),(314,'2025-10-21 21:36:16.042607','ㄴㄴ',9,'2025-10-21 21:36:16.042607','tester1'),(315,'2025-10-21 21:39:29.612080','ㄱㄱ',9,'2025-10-21 21:39:29.612080','test'),(316,'2025-10-21 21:39:50.670198','ㄴㄴ',9,'2025-10-21 21:39:50.670198','test'),(317,'2025-10-21 21:43:30.295435','ㄴㄴㄴ',9,'2025-10-21 21:43:30.295435','tester1'),(318,'2025-10-21 21:47:06.151070','ㄱㄱ',9,'2025-10-21 21:47:06.151070','test'),(319,'2025-10-21 21:47:18.585717','ㄱㄱㄴㅇㅁㄴ',9,'2025-10-21 21:47:18.585717','tester1'),(320,'2025-10-21 21:47:47.242283','ㄴㅇㄴㅇ',9,'2025-10-21 21:47:47.242283','test'),(321,'2025-10-21 21:48:23.068101','ㄴㅇㄴㅇ',9,'2025-10-21 21:48:23.068101','test'),(322,'2025-10-21 22:20:31.182636','ㄴㄴ',9,'2025-10-21 22:20:31.182636','test'),(323,'2025-10-21 22:20:43.744087','ㄴㄴ',9,'2025-10-21 22:20:43.744087','tester1'),(324,'2025-10-21 22:26:04.543094','ㅇㅇ',9,'2025-10-21 22:26:04.543094','tester1'),(325,'2025-10-21 22:26:16.625899','ㅎㄴ',9,'2025-10-21 22:26:16.625899','test'),(326,'2025-10-21 22:26:48.688857','ㄴㅇㄴㅇ',9,'2025-10-21 22:26:48.688857','tester1'),(327,'2025-10-21 22:27:08.924757','ㅇㅇ',9,'2025-10-21 22:27:08.924757','test'),(328,'2025-10-21 22:27:50.654634','ㅇㅇ',9,'2025-10-21 22:27:50.654634','tester1'),(329,'2025-10-21 22:28:02.001947','ㄴㅇㄴㅇ',9,'2025-10-21 22:28:02.001947','test'),(330,'2025-10-21 22:31:56.157371','ㅎ2',10,'2025-10-21 22:31:56.157371','tester1'),(331,'2025-10-21 22:32:08.725106','ㅎ2',10,'2025-10-21 22:32:08.725106','tester1'),(332,'2025-10-21 22:32:40.623973','같이 작업고?',10,'2025-10-21 22:32:40.623973','tester1'),(333,'2025-10-21 22:32:56.552425','ㄱㄱㄱㄱㄱ',9,'2025-10-21 22:32:56.552425','tester1'),(334,'2025-10-21 22:33:12.626545','ㄴㅇ',9,'2025-10-21 22:33:12.626545','tester1'),(335,'2025-10-21 22:39:54.757995','dd',9,'2025-10-21 22:39:54.757995','test'),(336,'2025-10-21 22:39:57.412697','ss',10,'2025-10-21 22:39:57.412697','test'),(337,'2025-10-21 22:40:10.598340','sd',10,'2025-10-21 22:40:10.598340','test'),(338,'2025-10-21 22:40:17.280917','ssss',9,'2025-10-21 22:40:17.280917','test'),(339,'2025-10-21 22:40:56.452828','ㄱㄱ',9,'2025-10-21 22:40:56.452828','tester1'),(340,'2025-10-21 22:41:00.826967','ㄴㅇㄴㅇ',10,'2025-10-21 22:41:00.826967','tester1'),(341,'2025-10-21 22:41:08.349267','ㅁㄴㅇ',10,'2025-10-21 22:41:08.349267','tester1'),(342,'2025-10-21 22:41:12.346324','ㅁㄴㄴㄴㄴ',9,'2025-10-21 22:41:12.346324','tester1'),(343,'2025-10-21 22:41:52.922849','ss',9,'2025-10-21 22:41:52.922849','test'),(344,'2025-10-21 22:41:56.058382','dd',10,'2025-10-21 22:41:56.058382','test'),(345,'2025-10-21 22:42:17.784374','ㄴㄴ',10,'2025-10-21 22:42:17.784374','tester1'),(346,'2025-10-21 22:42:19.764474','ㅁ',9,'2025-10-21 22:42:19.764474','tester1'),(347,'2025-10-21 22:43:08.170076','aa',9,'2025-10-21 22:43:08.170076','test'),(348,'2025-10-21 22:43:11.914372','dd',10,'2025-10-21 22:43:11.914372','test'),(349,'2025-10-21 22:43:26.996655','ㄴㅇㄴㅇ',9,'2025-10-21 22:43:26.996655','tester1'),(350,'2025-10-21 22:43:30.512966','ㅁㄴㅇㅁㄴ',10,'2025-10-21 22:43:30.512966','tester1'),(351,'2025-10-21 22:44:53.113469','1',9,'2025-10-21 22:44:53.113469','test'),(352,'2025-10-21 22:44:56.392124','2',10,'2025-10-21 22:44:56.392124','test'),(353,'2025-10-21 22:47:23.924993','ㅁ',10,'2025-10-21 22:47:23.924993','tester1'),(354,'2025-10-21 22:47:32.708537','ㄴㄴㄴ',9,'2025-10-21 22:47:32.708537','tester1'),(355,'2025-10-21 22:47:38.506865','ㅇ',9,'2025-10-21 22:47:38.506865','tester1'),(356,'2025-10-21 22:48:23.724437','ㅋㅋ',9,'2025-10-21 22:48:23.724437','tester1'),(357,'2025-10-21 22:48:27.947039','ㅂㅂ',10,'2025-10-21 22:48:27.947039','tester1'),(358,'2025-10-21 22:48:44.844697','zz',10,'2025-10-21 22:48:44.844697','test'),(359,'2025-10-21 22:48:47.934665','22',9,'2025-10-21 22:48:47.934665','test'),(360,'2025-10-21 22:49:44.719547','11',10,'2025-10-21 22:49:44.719547','tester1'),(361,'2025-10-21 22:49:48.019285','3333',9,'2025-10-21 22:49:48.019285','tester1'),(362,'2025-10-21 22:50:43.174146','1',9,'2025-10-21 22:50:43.174146','test'),(363,'2025-10-21 22:50:45.703242','2',10,'2025-10-21 22:50:45.703242','test'),(364,'2025-10-21 22:51:49.386655','111',9,'2025-10-21 22:51:49.386655','tester1'),(365,'2025-10-21 22:51:52.770202','22',10,'2025-10-21 22:51:52.770202','tester1'),(366,'2025-10-21 22:52:56.220098','111111',9,'2025-10-21 22:52:56.220098','test'),(367,'2025-10-21 22:52:59.467693','22222',10,'2025-10-21 22:52:59.467693','test'),(368,'2025-10-21 22:53:08.844046','33333',10,'2025-10-21 22:53:08.844046','tester1'),(369,'2025-10-21 22:53:12.196653','44444',9,'2025-10-21 22:53:12.196653','tester1'),(370,'2025-10-21 22:54:44.903819','111',9,'2025-10-21 22:54:44.903819','tester1'),(371,'2025-10-21 22:54:48.054406','222',10,'2025-10-21 22:54:48.054406','tester1'),(372,'2025-10-21 22:54:53.470938','33',10,'2025-10-21 22:54:53.470938','tester1'),(373,'2025-10-21 22:54:56.347427','2323',9,'2025-10-21 22:54:56.348429','tester1'),(374,'2025-10-21 22:54:59.784361','222',9,'2025-10-21 22:54:59.784361','tester1'),(375,'2025-10-21 22:55:11.348970','2',9,'2025-10-21 22:55:11.348970','tester1'),(376,'2025-10-21 22:55:14.806798','4',10,'2025-10-21 22:55:14.806798','tester1'),(377,'2025-10-21 22:55:55.271360','11',10,'2025-10-21 22:55:55.271360','tester1'),(378,'2025-10-21 22:55:57.618139','22',9,'2025-10-21 22:55:57.618139','tester1'),(379,'2025-10-21 22:58:26.923048','33333',9,'2025-10-21 22:58:26.923048','test'),(380,'2025-10-21 22:58:30.927943','44444',10,'2025-10-21 22:58:30.927943','test'),(381,'2025-10-21 23:01:32.590210','11',10,'2025-10-21 23:01:32.590210','tester1'),(382,'2025-10-21 23:01:36.234702','22',9,'2025-10-21 23:01:36.234702','tester1'),(383,'2025-10-21 23:03:19.511905','1',9,'2025-10-21 23:03:19.511905','test'),(384,'2025-10-21 23:03:22.264583','2',10,'2025-10-21 23:03:22.264583','test'),(385,'2025-10-21 23:03:33.771051','222',9,'2025-10-21 23:03:33.771051','tester1'),(386,'2025-10-21 23:03:36.598296','33',9,'2025-10-21 23:03:36.598296','tester1'),(387,'2025-10-21 23:07:54.245423','1',10,'2025-10-21 23:07:54.245423','test'),(388,'2025-10-21 23:07:57.656620','2',9,'2025-10-21 23:07:57.656620','test'),(389,'2025-10-21 23:08:13.587193','1',9,'2025-10-21 23:08:13.587193','tester1'),(390,'2025-10-21 23:08:18.928734','2',10,'2025-10-21 23:08:18.928734','tester1'),(391,'2025-10-22 12:54:13.871368','11',10,'2025-10-22 12:54:13.871368','test'),(392,'2025-10-22 12:54:17.297343','22',9,'2025-10-22 12:54:17.297343','test'),(393,'2025-10-22 13:08:04.254455','ㅎ2',9,'2025-10-22 13:08:04.254455','tester1'),(394,'2025-10-22 13:08:07.403882','ㅎ3',10,'2025-10-22 13:08:07.403882','tester1'),(395,'2025-10-22 13:08:57.456710','ㅎㅎ',10,'2025-10-22 13:08:57.456710','tester1'),(396,'2025-10-22 15:39:38.544385','hi',11,'2025-10-22 15:39:38.544385','aaa123'),(397,'2025-10-22 15:42:30.344827','oh hi',11,'2025-10-22 15:42:30.344827','test'),(398,'2025-10-22 15:45:27.022590','ㅇㅇ',11,'2025-10-22 15:45:27.022590','aaa123'),(399,'2025-10-22 15:45:34.995772','ss',11,'2025-10-22 15:45:34.995772','test'),(400,'2025-10-22 15:58:00.785532','dd',11,'2025-10-22 15:58:00.785532','test'),(401,'2025-10-22 15:58:06.744643','ㅇㅇㅇㅇ',11,'2025-10-22 15:58:06.744643','aaa123'),(402,'2025-10-22 15:58:16.007497','ㅁㄴㅇ',11,'2025-10-22 15:58:16.007497','aaa123'),(403,'2025-10-22 15:58:26.147786','sdsd',11,'2025-10-22 15:58:26.147786','test'),(404,'2025-10-22 15:58:31.998461','ㅇㅇㄴㅇ',11,'2025-10-22 15:58:31.998461','aaa123'),(405,'2025-10-22 16:00:10.822548','g2',12,'2025-10-22 16:00:10.822548','asd123'),(406,'2025-10-22 16:00:23.317693','ss',11,'2025-10-22 16:00:23.317693','aaa123'),(407,'2025-10-22 16:01:03.461392','__HANDSHAKE_START__',11,'2025-10-22 16:01:03.461392','test'),(408,'2025-10-22 17:38:41.279890','ㅎ2',13,'2025-10-22 17:38:41.279890','abc123'),(409,'2025-10-22 17:38:58.503011','ㅎㅎ',13,'2025-10-22 17:38:58.503011','abc123'),(410,'2025-10-22 17:39:05.448514','rrr',13,'2025-10-22 17:39:05.448514','asd123'),(411,'2025-10-22 17:39:09.376616','__HANDSHAKE_START__',13,'2025-10-22 17:39:09.376616','abc123'),(412,'2025-10-27 15:17:00.861946','ㅎㅎㅎ',9,'2025-10-27 15:17:00.861946','test'),(413,'2025-10-27 15:17:03.474352','ㅎㅎ',12,'2025-10-27 15:17:03.474352','test'),(414,'2025-10-27 15:17:05.994556','ㅎㅎㅎ',10,'2025-10-27 15:17:05.994556','test'),(415,'2025-10-27 15:17:10.673846','ㄹㄹ',12,'2025-10-27 15:17:10.673846','test'),(416,'2025-10-27 15:17:17.026413','ㅎㅎ',12,'2025-10-27 15:17:17.026413','test'),(417,'2025-10-27 15:36:35.680023','ggg',12,'2025-10-27 15:36:35.680023','test'),(418,'2025-10-27 15:36:48.324386','gg',12,'2025-10-27 15:36:48.324386','asd123'),(419,'2025-10-27 15:36:56.979632','g2',12,'2025-10-27 15:36:56.979632','test'),(420,'2025-10-27 15:37:03.774880','ggg',12,'2025-10-27 15:37:03.774880','test'),(421,'2025-10-27 15:37:52.047374','ㅎ2',12,'2025-10-27 15:37:52.047374','asd123'),(422,'2025-10-27 15:37:58.782503','g2',12,'2025-10-27 15:37:58.782503','test'),(423,'2025-10-27 15:38:02.675297','gg',12,'2025-10-27 15:38:02.675297','test'),(424,'2025-10-27 15:38:05.187957','fddfsd',12,'2025-10-27 15:38:05.187957','test'),(425,'2025-10-27 15:38:11.217507','ggg',12,'2025-10-27 15:38:11.217507','test'),(426,'2025-10-27 15:38:18.192989','222',10,'2025-10-27 15:38:18.192989','test'),(427,'2025-10-27 15:38:21.883918','ggg',12,'2025-10-27 15:38:21.883918','test'),(428,'2025-10-27 16:47:54.046528','asdasasdasdasdaaaaaaaaaaaaaaaaaaa',12,'2025-10-27 16:47:54.046528','asd123'),(429,'2025-10-27 17:01:58.592589','ㅇㅇ',12,'2025-10-27 17:01:58.592589','asd123'),(430,'2025-10-27 17:25:25.598951','aaaaaaaaaaaaaaaaaaaaaaaaaaaaaaaaaaaaaaaaaaaaaaaaaaaaaaaaaaaaaaaaaaaaaaaaaaaa',12,'2025-10-27 17:25:25.598951','test'),(431,'2025-10-27 17:25:35.078578','asdasd',12,'2025-10-27 17:25:35.078578','test'),(432,'2025-10-27 17:28:53.646285','ㅇㅇ',12,'2025-10-27 17:28:53.646285','asd123'),(433,'2025-10-27 18:57:57.613608','ss',12,'2025-10-27 18:57:57.613608','asd123'),(434,'2025-10-27 18:58:51.897473','aaaaaaaaaaaaaaaaaaaaaaaaaaaaaaaaaaaaaaaaaaaaaaaaaaaaaaaaaaaa',12,'2025-10-27 18:58:51.897473','asd123'),(435,'2025-10-27 18:58:59.534379','aaaaaaaaaaaaaaaaa',12,'2025-10-27 18:58:59.534379','asd123'),(436,'2025-10-27 18:59:44.752256','aaaa',12,'2025-10-27 18:59:44.752256','test'),(437,'2025-10-27 19:00:06.465416','asd',12,'2025-10-27 19:00:06.465416','test'),(438,'2025-10-27 19:00:13.307488','dd',12,'2025-10-27 19:00:13.307488','test'),(439,'2025-10-27 19:03:04.133327','ss',12,'2025-10-27 19:03:04.133327','test'),(440,'2025-10-27 19:03:08.160621','ss',12,'2025-10-27 19:03:08.160621','test'),(441,'2025-10-27 19:03:17.243207','dd',12,'2025-10-27 19:03:17.243207','asd123'),(442,'2025-10-27 19:03:21.195442','ss',12,'2025-10-27 19:03:21.195442','test'),(443,'2025-10-27 19:03:28.741321','sasd',12,'2025-10-27 19:03:28.741321','test'),(444,'2025-10-27 19:03:35.609218','ss',12,'2025-10-27 19:03:35.609218','test'),(445,'2025-10-27 19:03:57.249638','sdsdasd',12,'2025-10-27 19:03:57.249638','test'),(446,'2025-10-27 19:03:59.433446','ss',12,'2025-10-27 19:03:59.433446','test'),(447,'2025-10-27 19:04:04.967340','dddd',12,'2025-10-27 19:04:04.967340','asd123'),(448,'2025-10-27 19:04:07.937822','asd',12,'2025-10-27 19:04:07.937822','test'),(449,'2025-10-27 19:04:13.136075','aaaaaaaaaaaaaaaaaaaaaaaaaaaaaaaaaaaaaaaaaaaaaaaaaa',12,'2025-10-27 19:04:13.136075','test'),(450,'2025-10-27 19:04:16.144886','aaaaaaaaaaaaaaaaaaaaaa',12,'2025-10-27 19:04:16.144886','test'),(451,'2025-10-27 19:04:18.146674','aaa',12,'2025-10-27 19:04:18.146674','test'),(452,'2025-10-27 19:04:21.813070','aaaaaaaaaaaaaaaaaaaaaaaaaaaaaaaaaaaaaaaaaaaaaaa',12,'2025-10-27 19:04:21.813070','test'),(453,'2025-10-27 19:04:23.837976','aaa',12,'2025-10-27 19:04:23.837976','test'),(454,'2025-10-27 19:10:55.961860','dd',12,'2025-10-27 19:10:55.961860','asd123'),(455,'2025-10-27 19:11:05.294141','sdsd',12,'2025-10-27 19:11:05.294141','test'),(456,'2025-10-27 19:11:24.590889','sssdaaaaaaaaaaaaaaaaaaaaaaaaaaaaaaaaaaaaaaaaaa',12,'2025-10-27 19:11:24.590889','asd123'),(457,'2025-10-27 19:11:26.556246','aaaaa',12,'2025-10-27 19:11:26.556246','asd123'),(458,'2025-10-27 19:11:28.521853','aaaaaaaaa',12,'2025-10-27 19:11:28.521853','asd123'),(459,'2025-10-27 19:11:30.185664','a',12,'2025-10-27 19:11:30.185664','asd123'),(460,'2025-10-27 19:11:47.166102','dd',12,'2025-10-27 19:11:47.166102','test'),(461,'2025-10-27 19:11:47.932097','__HANDSHAKE_START__',12,'2025-10-27 19:11:47.932097','test');
/*!40000 ALTER TABLE `t_message` ENABLE KEYS */;
UNLOCK TABLES;

--
-- Table structure for table `tip_board`
--

DROP TABLE IF EXISTS `tip_board`;
/*!40101 SET @saved_cs_client     = @@character_set_client */;
/*!50503 SET character_set_client = utf8mb4 */;
CREATE TABLE `tip_board` (
  `tb_idx` int(11) NOT NULL AUTO_INCREMENT COMMENT '팁게시판 인덱스',
  `tb_title` varchar(100) NOT NULL COMMENT '제목',
  `tb_contents` longtext NOT NULL,
  `tb_views` int(11) NOT NULL DEFAULT '0',
  `user_id` varchar(100) NOT NULL COMMENT '작성자',
  `tb_heart` int(11) NOT NULL DEFAULT '0',
  `tb_createdt` varchar(100) NOT NULL COMMENT '작성일',
  PRIMARY KEY (`tb_idx`),
  KEY `user_id` (`user_id`),
  CONSTRAINT `tip_board_ibfk_1` FOREIGN KEY (`user_id`) REFERENCES `users` (`user_id`)
) ENGINE=InnoDB AUTO_INCREMENT=4 DEFAULT CHARSET=utf8;
/*!40101 SET character_set_client = @saved_cs_client */;

--
-- Dumping data for table `tip_board`
--

LOCK TABLES `tip_board` WRITE;
/*!40000 ALTER TABLE `tip_board` DISABLE KEYS */;
INSERT INTO `tip_board` VALUES (1,'반갑습니다.','<p>반갑습니다 여러분!</p>',3,'test',2,'2025-09-20 20:07:44'),(2,'테스트입니다','<p>테스트입니다</p><p><img src=\"data:image/jpeg;base64,/9j/4AAQSkZJRgABAQAASABIAAD/4QBYRXhpZgAATU0AKgAAAAgAAgESAAMAAAABAAEAAIdpAAQAAAABAAAAJgAAAAAAA6ABAAMAAAABAAEAAKACAAQAAAABAAAB16ADAAQAAAABAAAB1gAAAAD/wAARCAHWAdcDASIAAhEBAxEB/8QAHwAAAQUBAQEBAQEAAAAAAAAAAAECAwQFBgcICQoL/8QAtRAAAgEDAwIEAwUFBAQAAAF9AQIDAAQRBRIhMUEGE1FhByJxFDKBkaEII0KxwRVS0fAkM2JyggkKFhcYGRolJicoKSo0NTY3ODk6Q0RFRkdISUpTVFVWV1hZWmNkZWZnaGlqc3R1dnd4eXqDhIWGh4iJipKTlJWWl5iZmqKjpKWmp6ipqrKztLW2t7i5usLDxMXGx8jJytLT1NXW19jZ2uHi4+Tl5ufo6erx8vP09fb3+Pn6/8QAHwEAAwEBAQEBAQEBAQAAAAAAAAECAwQFBgcICQoL/8QAtREAAgECBAQDBAcFBAQAAQJ3AAECAxEEBSExBhJBUQdhcRMiMoEIFEKRobHBCSMzUvAVYnLRChYkNOEl8RcYGRomJygpKjU2Nzg5OkNERUZHSElKU1RVVldYWVpjZGVmZ2hpanN0dXZ3eHl6goOEhYaHiImKkpOUlZaXmJmaoqOkpaanqKmqsrO0tba3uLm6wsPExcbHyMnK0tPU1dbX2Nna4uPk5ebn6Onq8vP09fb3+Pn6/9sAQwABAQEBAQECAQECAwICAgMFAwMDAwUGBQUFBQUGBwYGBgYGBgcHBwcHBwcHCAgICAgICgoKCgoLCwsLCwsLCwsL/9sAQwECAgIDAwMFAwMFDAgGCAwMDAwMDAwMDAwMDAwMDAwMDAwMDAwMDAwMDAwMDAwMDAwMDAwMDAwMDAwMDAwMDAwM/90ABAAe/9oADAMBAAIRAxEAPwD+bm4+xxyfcrNkkh+z/ufuVY8uGq8UIh3/AD/PXOZwIbPyZOdnyV22n2VmNPeb/non/fNcTpf2Oad/Ol+Wuwi8SabFbpDv+egDh9QhhiuPJ2Z+er1vHD5L+d0qncah51x5P/PSs24vpo93PyUClHkM24/czP5Kf6yobGP9552+ovOhkkT/ANAo/c/Z/wBz9+gg0bO186T999+uksbWzjTyrp/k/uVzdv500ddhBafc/v0AcrNoOm+Z+5T5P92jT7Oz/wBT/HXeafpfmq801aVjosP41oaQPJZNEhZH8ndXKrpc1rcJCU+evf5NFhhk87/nrVKz8N2d1R7JGh5XH5zx+d/BXVeGdPm3JNN/qZa7az0Wzik/fIkyVs2enxR3jm1/1NHskcvIuxxH/CL3mqXCSwjYmyptL8I+XI9vMiBP4K9g8PyWbL5MON6V3lnpcMcPlbPnoLpnzfceDbqNU/c+X+HSrjeEfLjSGZPkr6cFrDDImU+enW9rZpvhhTykkoEfKGseDR9n/wBFPyV4Nq3hya1uPO31+h+oaXZ/Z3rxLVNAs5p/ubErQ09qj5p0fw3N/wAeY+//AHK6uPwHqS3CfaN/7z+5XptvY2fmJ8/z122i+TLG9nNsrQzPAf8AhELy3k8nY9aS+BJpI0+f/vivYL6SH/Uxf6mjR5NNjT79Z8g6Z5XH8Pbz0ot/hzqXmbYd+/8A269+sNU02STibzaht9e0e1keHzhRyBTPK7z4czfP5SeYn8FcrJ4EmTZLD9//ANCr6KuPEmkSxrNDMlcfca1psN4nnOm+P+OsxFTQ/hzCbH7nz/364jUPhvDJcTQzJ8n+9Xv2i+ONNXT8fPL/ABVweoeMfDdrqD2cbonlfPWYHif/AAgsPmfcio/4QHyf3O+t7/hOdHMk33N+/wDu1m/8J7psmy8vPvyVoaENh4Dh+0J5z16RH4d8P20f+jw7Hjrz6P4jabauk0KJ+7rXj+KFlJ5PkoInlT52etKdIAk8D2nmPeQ8/wByvVPh1p8OlapDqbPs/wBuvGf+FiWfmP0f+5XNyfF6Y2/7nyv3XybErWn7hpzn63eFfjJoOhWaSQzI/lVzevftdaXHby2NnJGjfrX45yfFLVLqOY7jvz8uz+5Xntv4n1Ixt9s+/W1PEGfskfpz40/a+vNW09LOG5l8nf8Acr5W1z9oTXteuJvsfmpD9a+TdQ1ry2/+LpsfiTydkMP36j6xzmlOkewf8JdrkkieXMdn39n+3VS31Ca6j80u1cFp+veX/rlqnb+IjYv/AM9fMrMunUOwkWa6/wBcfkrpPD/heW6vIZrdy77/ALleb/8ACQDfXrXhnxZDpd5Z3dn+7eN6ftWYH7YfsxeA9B0nT7P55bib7+yv0Ut7GGP+/wDvP79fk7+zT8RrzyLeGUfPz/37r9DvD/jK8mjT599HtWTzI9mt7WHy/wDbrW0+P/Yrye08ZTTRpFNH8lbFv4wtf736VNSmSenRwjdwlE3kxx/LEP3Ncrb+JP8AR/pQ19Ndf6779V7JmVSmY+qwzTSf7FfAf7WWmXg0Uw7ton+TPpX6ZeH7WGb95s3/AOxXxz+0ppsNrotzaMmSfnT/AK6Ui+ddz+aLXPDU39sXXz7/AJ5H313ng/wH9q8nzoTvk969B8XQ6bHrErRgeZv/AH+PWpPD+oWen3EP2ibY/wDBXPM2gd9o/wAL9N8v/iafvHre1TwPY/YJpof+eHybKwdP+IFnayI2/fDVz/hYVnJZvZwpscJ9yszSnVPnLWtJmhJa3h71zv2LUf8AnjXoeqTDUY3ECbCr1z/9n3frQZn/0P5g7jWLp/Oh370/uVmxXV5882/D1w+oa93h+T/YrPg8Qedsklf/AIHWNOpznOekW+oTeS9p/BUMkkzL++rj9L1qGZkh/jrsLeP7VsmX/gFX8BXKimslxufznqaS3mkj86asHzfneKbvXpFlp/maX+5+/SK9kjlbfbFJv/gq5HN9ljT+7WPJ5NrI8K1dh/49/wBzWZmW9JuobHfNWlH4wh5+f/P5VyGofcfyd1cFcedNcffp0zQ9st/iNNa26fZ02GsmL4sfvP33ybf7nevI5Lqby3rj5LqbzP8Arp/BTkKpT5D6Km+I0108hmfYlQyfEq8jb949fOtvdfMkO/5P4KuedDt87f8AJXdAg90uPilNI/8AxL33v/fptn8SZo3eHf8APXgP2qaNXFXNO/ff7dcsjoPbJPiNefJ/A9eneF/iZeXNqg850/GvmOP7qeT9+uk0KT7LJ9oquQzgfYtl481KWOGHzv8AV/x1uxeLrzy/30296+a9D1q38vyf9XXbR6hZ3Uf+3RAzO81jxR9qk8nf/BXleoeIvK/jqnqF9DFsm314/wCINehW48n/AFX+xQB20fjKaOP/AJ5PWPb/ABR1K1ke0j/7ZvXjereIpodn2X53rk5Na8mPzv45aB1D6Qk+I03mff8AnqnceOLz559/5V892+teVeJNCdldhp+oG6j/ANhq0CmekR+Otb/5Yv8AJUS+Or7zj9qfey/rXBRf6ymxyf8APGs6lUR6h/wmV40Pkzfcj/grzPUPGV3DdvNbu/7z+CpJv31q01efXE32iP8A0iswPcfD/i7UrrS3+Y/99VweqeJLz7aZpnff607w3JNDp6edv/eVz+qfunT5/noHTIZPE15DIj/aH37PuVzn/CS3kmw791Y0kn7z99/cqn537ytCzZj8S3nmfua0bfxBeNH9/pXLx/uZP3NWtP8AufvK1pmlN8kzet9evLX+I1D/AGhNJH9+s+po/wDpt9ysvjNDotLk8tvJmqGT/pru2VTt/wB5s86tK4h/5d6z9kgOVmkmMnnR/cqGz/fSed/BRcR/P/t1Tt5vSn8BNT3DpLWaWMbv4P8AYqvVi3Wb7L+5SqdvH+7Sip75j7VFqPzod/8AcroNHuvLk8qZ231zdvJn+Ci3mmtZEmtqXskB+vX7JeoTNJDpt0X2ffgr9UPDRmjjT7L9yvyp/ZFWSWSGSN/m9H9K/VbS2Hl+b/B9ytJmZvWc37zmuh0+Tyf9cKwoz5f+uq9b/Pv8utDKpU5zsLO6xH5W/wCetjS7oRyJXH2cuZExXSWY8ySgPgPbNDuisbxV8c/tWQwzeH3+8v8ArE+SvrXw/wCTaxp8lfLn7U0M0ehmGMvw4bj/AHGoGfz3+LtSjvdSuPKGPM9f+eleM3HiSa1k++/+5XoXjy+ltdQufs3+u3/PXgUnnTRvN995a5zpp0z0jQ9evLiR/tJro7OS8Ej+dM8r1574bjms4/uZrth+8/fb/NSsy+Q7DS2vJmPyb62vLvP+eFc/4djmmhOPkrpvsc//AD0/z+daGXsj/9H+SlvDc0kdYNv4duvPf79ezR+THH/t1m3E3o9c5znB6P4bxJ++r2bQ7eH+z/O2b3rireaGGPhK0476a1X/AG60NPaob5EO/wD0dENdVb3X/Ev8n+OuLivv3fnQ/JVG4uv3j/PQdBpahH9/yZKI/Jij6fJWb/y0/fVcjl/eVmcYSf6t/K+5Xn/mfvHm3kV6F/y0rh9QtYfM87/xynTOiZzd7deTb1xNx/7LXbXFn5kfD1ys1j+8/wBirAzY7yp45j5yTSDyqlt4fssaRTf8tap/vK6aZmTfbJvk/uVc0++ht7ys2zj+/wD5/rRHJ5Mn3KRpznYR3X779y/yV0lk/wDyxrze3uv+AJ/t1vWeobpH841nUqmZ6RoV19lk2wv81b1lr2xHM3/LT7leS/2p5eyGqd5rHlx+dv8AnoJ5keza5qnmW8Pkn5NleEeILoJcedCnyVrx+KP9D/0eb564O4vJppHEj/PJQSYMsn7zzYzVOG6/d+SP+WlQyf6wVDHLDvS4mc1oBcj/AOmNbGh6p9lkT5/+AVytvJN5f7yiz/1n/PQ1nM09kj2e3u/Oqaz86OTyZvnrjvD+rTf6muwjXyY6CKhpSeT/ALNeY6hdQtd/c+SvQR/x7vXnGoL+/wDJrnEd5od1tsk+SsfxB/rPOm+/sq54T8mPT3+1Vk+KLqWFf3VaQA87jmqLy/3dVv8Alo+77lX4ot0nnVoOmQR7vL/2KuQr5f8AuUeX+8qa3jEknkhKDfkJU6Utj53mfuquR28xH+xHULf66StPaQDnNjT5W/4HVz+5j/x+s3S4vMk+/W/HDDDbv/HWfOHOc1fef5n+p/z+dZNnH5P7mtySGTzP9B376Szh/ePN8ktc4CW8f7v99/n9az1/jrejtplj/wBus2aOGP8Acy06Zjyoq7YfLT97WhpcfnXCelZsv7mR4ZnrY0PzpJP9FrSpUCJ+on7IKxtqUUMj/wCkduelfsNo/ktpKfZXr8f/ANka4/4m1tZ2qJs3yfO9fsBodref2Wm5PvUU6nKSW7H7laentt42fPVOz/54/cei3uoRG7b0q+crlRv6f+9jrd0v93S2mj6hJJaLNDt+1J56Z/551u6hpc1jrM1nCn+r+RErQz9nzneeGbr/AEXpXzf+1b83h+bzk/55vX114X+HPjC109Ly4tpf3ifwLXkvx/8Ag34s8YTf2PpEE802CjrFH/y2p+1ZpTwp/Kz8TrHUraG6v7WHLfbPI/DFeDx/vL77DcJsff8Acr+li+/4JN/Hr4geKPDng/w74Puby18OW5vNTu/LUR3dxLulx/wHcI/wqHwT/wAEBf2qrr+0fHWuaLIEswTZWgI8y7vZcZP+zEvP+9gVxHV7Bn8+tna/2Vshv0/fbPuZrpNF0+/1yby9P/3M9t9f0XeAf+DdH9oDSdHTxJ8WLpxqt2DPPb267zDH8vyfw7pW/wDHa0/GX/BEn9rDT9HXw78MfC3kxvF596TINoEv8Hn/AN6p55l+z5z+ejw2tmZHS97V1/k6HX7l/DP/AIId/G/w1ogufiNmO+ueXtbOAuEHb+7XpX/DmrxR/wA8r7/wEP8A8VXVzjP/0v5Tf7Uhmj+/jy6h/tCHzHj/AOelcfvm8z/VfJRHNN0/grnDkOwt7r/SHhrSt/8ASq89s7793+++/XbafqhrX4zP2SC4byamsoYZo/v1TvLrzdnk9Kht7qby/wDP+NFOnzAF5deTvmqp9uT+9/n/AL7qleH7PG1c3cXU3/A6XskB2EmoeZI/nVT+1QyvNzv/AOBVgw6hQl5/sVPKh1PfNKb/AFeLdK5W8tfJk8mat6M7bdPMeqeobtv+xRyoRzdxDWb/AKv+/W9cf6vAT56zZP8AWPNvrb4wML+/5336P4flqWQ9w9Zyf6p/O+5WtQnlLdrJN5dXPtXlvXNxzbeqfPTfM/265jbkNT7V/t/rTvtX7tOKy5Lpf9dUMd1tjcQ/Olac5mWPM+v+fwq1cCa6j/dJWDHJ9/zvuV7N4Ths7rS0m/1lHxgeD3H7l3h/jqn/AAfhXoXjTR/st8nk/ckSvPf4Xx9+ugfs+cP33vRD8i0L95ahj863965+QKlM2NPvfssiQw161p/763SaF68bxN8nyfPXp3hEzSf6HsejkMjrrePdbvDXkupRzWt9L5335PuV7BHN5yzed+7ryXWP314+W+T+5WPKjWn7h0mgfNpfnQ/fqnrFr5sn75/krpPB9reTeGzNHD+53/foh0O68SatBoemwedLM4gVCcZraBkeP3Fn9luP31TQwzeX/sf36+lvEHwR1hfiNqlvHpc4s9Hl8h0A3AeVHn/P4V5v/wAIbrEliNStbcurRGfA5xF6/pWZrTpnnN15whSbZ8m/bvqSOzvPnhmTY9fe3wd/ZZ8RapGLzxFp8rWV7ocmuW77flkHP2bH/XZl/wC+QfSvl3xB8NvF0nxOf4cw2ZF/sjyDjAklQH+tAjNs9La+06G82fP9z5f79Gj+F/7W1j+zZk/5YSOlfV0nw1/svSfiL4Phtvs6eG9OhnTj7v2Z/n/7/b69s/Zb/Z31DxR+1BF4EvIJ/J0+xkuLggZA82A+Vn/tqwqeYD4D8P8AhOO38I3mtXWd32hLJDj7/HSrkPg2HTfCepaswkc2jx20GOxl/wD1V+jX/CgNeS38N+D7e2ffea/ez3L2w/5Zxfuv/ZK96+IX7J+j+FfBfhvwgo2TaxcSXtsmM7evz/8AfrH/AAI+9SB+HeqaPNoqeTfczVj6Fp95rOsW2j2afPcPsSvuT4jfs/65a+CLHx59g22+qK96jlhn755/79j9azfBvwSk0b4oeHobi2K2dxp0mt78P5bR+Q8qVmaez5D4zs45m1Ca0hR38p9tFvp/3/tX346+8tF/Zh8TeD/COn33iAOuv6/BdapBZ4PmR2tquTJ/49XJ+H/2WfiVrU9vbabanyz5bzzOMAeb/OtAPmO30WHWtDfU/K+ez+R3rH0vRWt/403y/c/2q/WjwL+yTdat9r+G+mwl7/UvMnQRH7v2Xpn/AL4P6V5j8Cf2J/iJ8XvHnmeH7CS5sAsqQOR/rPK9P++qnnXc1pnj/wCzRqGof8JrDy8UVlBNez/9c4h/9cV+237O/iafx74L1HxJhwkLbHz/AM9ML/8AFCvor9hn/gi/8RL/AOEes3HjG2ks9Q8SPDprlB+8htonE0//AH+2r+Rr+lL9nX/gkv8ADn4e/Cn/AIV9qlsiWxO/Y/UH19qumS6Nz+a3w78I/GXjTR4JvD6F7i8TfboR1ji6n/x6vYPhL+wj8XPH3izRrJrG/Sw1KfZ5+MKI88k1/Xd4T/Ze+CPw/wBSTXLOxj/0S0+xJEeRHH9a9d0fxN4F8PW/9m+HbWOCG3/uR1Z0LD3+A/F/4S/8Eq9V1r4hXnj74jlLaxMpSzsM5xDF5YU19u6L/wAE/fgDpMkl1cDf5l59rnxwT/sf7tek+J/2hrofaNH0+RHuY3j5SvANV+K3iFrU2emj7TN/sDrXBUxUIHoUcqnM+upfgT8A2WLzLSDdCPk68VseGfhR8C/DxX+xdIsg4fz0OMnzPWvzZk8XfEqaQQ6ze/ZoM/wHNFv8dNU0uP8AsvTbWSbyf+Wryf8AslZf2idn9jT7n7I6SNBs5HhsUjR5K6CNrPy/J42fwV+M2j/tJaxa3X+k2c8Xmv2evQov2lopj5mjpcp/11Na08fSn8ZzSyeZ+rEscMi/NEjLWX/Z9nG/+pjZ/wC/tr807P8AaqvLOfyfOlj/ANievWvBf7WGj6u6WepoN8tXHFU5/BI55YGcT6i1fw7oeqxut3bh2R+tc3/wgfhn/n1H+fwqHS/jB4Vvo/l/9CrW/wCFn+Gf8vVezOL6vPsf/9P+WDVNA/0f7Zb/APLT79cFJaw2sj/PXsWoR/6O801eSahHLbO+X+WvEweInznVUOfvPJjZPO+5Wzotx/yxrHihmmbybWjSJv3nl17FH3zL4Dekm4fP/LWprP8A1f8Acqm0vm3D0GT79a0/cMpkN5J+785n+euaTp/2zrfuJv3b1jx+TV1DWmRRnyf9WlHmJ7f5/CoP+WlTyffNcRkW4pvLmTyfv1DdXX3P79EN308j/P61Xkkm+zu033P79aGhV8r7K+Lf7kn8dU5f9XWhHD50f3OKz5o/3P75PlrTnA5uS6/eeSap3HzfwVpSQ/vvs8VU4/3P+/R8YGPZx/8AAKK0fsp/v1U8maKRKOczmQ337m386uVkvP3lbOoXVY1xYzafcJ5qfJJWhmZv2r955vevQvh/r15a6gkO/wApJa4O+0+8TT31K1T5I/v/AOzWlb2s2ni2mk+/L86VhUpmkD6Y1jS/7W0+ba/lf3K+Z5ISmoPZ/wAcdfTngO+/t7R3hkxvjrzfx54b+y6g8yw/P/sVHwmh5LceT5md/wA9bGi6XeatqKWenxb3meOMD3lr2z4S/C2H4qeB9QtLdfJv9OYTwP2k83dx+n61798DfhHqFn+0p4b8DeIgln/bSRypC4/1ifNu/kfyNbc4HxPFoPl+H77UIfluLG8CT8cY/wA/yr1r9nfTZNW+IGkaW+9kvZZLPC8cyx+UP5ivfpfgP420e3+KPg++s55bCBJp4LlP4ZLGf95/6HX2B+zD+yxJofgLS/EfiS2+zXFhqkOqQXDj70WxZU/pWFSoKnTPzNh0XUtF1C402+R0kgl8hw4xg1r6l8G9ckt9dkk/1Ph+W3E59ftX3K/dvxN/wT5sdS17xDeabvIhSTXACBgC6k+5/wABz+gr9OP2e/8AgnnpraLB4m1a0+0vrFvC88twODJBu48v/gXz/QU+ZFexnM/nd1j9mHUNG8E+Afh7NLHb6p4pnIQHPyRxIpeT9a9O/ZS/Y61CT4xQ3njAPbWmludRgSVTiQ2x/wD1V/TJ4w/Y/wDDupfEXRPFSwQeZo1nNAh7Zn4J/n+Zr0/QP2e9Ji0e4mkt0hlKiDzeuBWdTEHRTp8h+UXgn9iWPxd4T8e69dCe2fUfJnQxEYEcqYkH+9/hXxXD/wAE7/iN47tYPE3gXTNltcaiNMgJGDHD5fXZ/dav62fgT8KVvtH1K31Mb4bsxQJF7Rbv/iq+8PhD8AfDOn+VJNZo0dnKZ0OP+Wn+Vopz5yqlPkP5ZP29P2aYfg3J4V+DPw1s4tNfS4NIvb10+b/RbZ0jjg/9Drwf4W/sBX2h/tT+Nv2hvGGkSXn72ZdDtRH5cYGxPLfy/wA/+BZ9K/sY+KX7LOi/F7xLFr2sKnmwHe746+1dVpv7OdndeMtQ16SAuZYhBAjj92PKCgf+g1rUp8hh7JH8c/7Mv/BNnVrLXvFdn8Qrae5i8Ug2k9wjdRLG2/8ADLD8q/QP9lf/AIJy6X8KPHmteNpBJe3+rS7xcRdFEUfk4H5ndX9NPhf9n3w3pXh99F8nfNcJ87vXsGj/AAu0HTdHTR9PhCQxQeRsqZVAP5j5v+Cf+m/ZtNiYZSJ5lQjqfN6H/wAdrpPGX/BPWx8ZXUGpaXZfZrPTPsujRbCSwhiz5x+rbutf0gR/C/Qf7LTTofvx/JXSReA9HktfsjJ+62bEq/gMz+TX4w/8E3fDOtSaL8NbXTkNmktul6SSTDp9rn5P+BbhzWP8M/8AglHJ8QviLqH7R3xGYxSXlnJpGiaQqeXHaWXESSfXyh+pr+tyH4c+Hbe3T7LEhijHz8dazdQ+G2k/2bcW9iEhmkGxc84rMD+Jnxx+xTefEr4la34qsbad00fw9Joml2zj/ltfT/Z4/wD0B5K95+PX7CbeAPhTpHhTwLHIbreDeXEZyQfLSE4/75+X8fWv6n/C/wCzP4R0fS3tJI8zXD+fO713kfwX8I3DiW+g30Gh+D/7Mv8AwTfh0fUbjXtUhSaSdJE84x9PNRoiP++WP519vfsv/wDBNf4a/APT4bO0sozNCkqmTof3smdv8vyr9RtN0ux0K1eGzTYn36878SeMvs0j2lr/AN90/Z8hrTpmt4b8I+FfBGlvDpcMaeXXn+ufFm1ktzfbyltG/wB+vE/Hnxki0u38m6SXZt+fZXx/4g+KGseJNSSG+hntLOP7lrFXl4jG8nuQPpcvyfn9+Z9GeMvjhZ2zPFEZHib5Ex614vN481L7Cx02bMsnYgbU/wDiq4+Twrq995J1W2mtE+/veTdHWDJ4D0fUGNx9snO7/lqJARXL9YnM9Wnh4UjzfXPF15pP77fLcJcP/wAfKf6tpKzv+Ek17VI/7S8+eC2/2I/lWvR9L0vTfDtn9js0XVbO4/4+4p//AEOrkniTQdBhTGlPd20nyfPJ8u+vKrRNvbc/uHB2/wDb11bpLa3O+L+Cuk0+81jy0hu7OCf6j95Wlpdro/ifS5tS8K77SaP/AF1m5+Zf9ysGTNjpfnXlzPp9zA/ked/DUkc67ly3hvJJJuPl/jSsGOOGO48mbfWxpPi+8mkS18Xf8svuXif/ABf/AC0qbxIfsunvL/r7b++n8Nc5n7M4/ULr7H/HXB6hq12kiTTf8s/7vy1NrGsQ3UH7p0E1eb6pqs3+u3tv/uVl7ZmlPDnfaX8T/FWnpts7l4krW/4XF40/5/3r5vuPGWm6e+66fGe1V/8AhY+gf3qv6/Mt4CB//9T+ZXUJYfs/B+SSvG/En+vcQ/fkr0bUNa8xfJuH/wBXXifiTVIftHnXX3K+awtP3z0qhzf9of8ALHfUH9sfL+9rCuNUhm3zed8leV6hrU0k719LRp8h5sz6Qh1SGSPyVfZ/v1Ut9ah8x/n+c189W+vXkcf3331p6Xqk32hJpX/1laGcz3GLWvtVCf8ATrXm8fnSw+dvw9dhpf227g+0ffRqzmaU5Gx/y0o/1cn7mljj/d/vt6Un7mJ0iX/lolc5oFvt+f8Av1c/10aeT+6erkemzWtuk0SPUX2WaFfuP/t1XKjOZBp9rNJ/x6/vfKqpJa/uzz89aMM15Y3ifJ5ddLrFrd+EI7XWJLZJra8++j1RoeVRx+c6bd9GqaXD5jzW/wDyyr39fhD4o1DS7Hxd4fhmu9Mvn2QSxqcRyRdQfRv/AK1T+IPgf4o0fx5cXElvJDpl2/8Ao7vHkGtKdUVOnznzP9jmtbOGbb8ktQwQwXT1+jX7Nv7Hvj745Wmo2H9lXIksfmBePgx16d8JP+CXPxe1rULr+3NOP9m79kFwhGPas4C9nzn5F3Gjw30bzWsyOn3Nn92uk+E2m2fj28uvhnq8f+n3Tj+zC5wRcdov+BZ/lX69/EL/AIJe/Ez4eaC+teGdEnubgP8A6RE/eOuak/YNutY8JWPxg0Hz7O+2xXEBfgwzWr8j/wAd/Sn7TkJ5D86/g/8AD278QfGjWPgT4qh+x3fiDTJoIBKP9TdbN8JP/fI/Oub8H/CnVpNUPhXxW32afTZ/InLngf53V/RR+1Z+xHrGn/ETwB+3F8O9Ku7C9iu9Mk1S2Qfu1TZ+/T/0KvVP23v2L4fDvg0/FHw3pkj3l1exQXGI+sfz5f8A75YfpS9qjo+qo/B/4a/Du4vNegsbW1ZbiSCVLgovAkizg/8AfoVkeLPhzrE2uXPhu8h2PM+xHr+if4S/sr2Oh/FrQ/EGCVlWTStQRvuk+W7I/wDIfl615j4Y/YV8WeImnuviFp0+lzCXfbvlSD8+D/6D+tTzIn6ufmn+wr+zrZ+IPiZB4Rjg+02upWEtvqJb/lnJ2f8Al+dfbGg/sk658SviR8Pdc0VhbX/w9uJbLUbtuGa1ljwD/F833v8Avo1+un7Ov7JuteGvipdeKIYYHe4e1t4IkBGPK61+i37PvwJ8Cv498SeL5oHS/aX+zp+e3yy/4flRzI6adM+BPCf7E/g/4jWCapo+m/YYdYgvdE1FHX5Wm+T5/wD0CvoJv2Q18QeCbrS5kjtltIEsoI0T5RHFxH/46or9PR4R0jw3p6WltDFBbefvWtL4b6XZ/wDCF3N4E/fXj7/nrEv3Dx/wn8FNF03wXaw38CC7mso7dyV5Mfoa3rjSIdB8NvNap5kNmlfS2m6X9q32cKfwbErB1DwbDNpdzo92nySeXWZJ+ePxU1DWtL8QaLodn9zUJyj98dP/AIqu88MWM1xI+kf6v9x86V9CXng3QdX8SQ6l5Cf6H/qKx7fQbfS/Fk2sf89E2bKn2ZVM9V+FPgmays7XVmIWKXDdOa+9fBemwyaXgfcj+WvmPwPa+X4fTTbq43v/AK9Hr6Q+GuqQnQ5oo/vxP81aYck9g0vRbOG3fyfuSVvRwwxtXK6VrEMcbwzff31JLrdr9sgsw/yTI+a6OY4zalk8nNTXH76P9zWDrUn7v79aVndeZHVAZsYhs534rSg71myeV88NEeT+5rM0Okt4/wB30pfLT2/z+NEMv7vrUtVzIzIfL++P71Y+qahDY27yVpXF19lj87rmvnvxh4ospLn/AF3yQff2UvbckLm+Ho80yxq3i37LcJ8/z/3P7tfKvi74oWEk1xN5/wBnhjOxJU+apviJ8SrO302XzLgCeYfPj+COvzl+JHxO/tiSDw74Ply+dznaRXj4rFH2WV5Xz++Hjb40eKtc1ebQfAtvJc+Qd7yqMn61seE7Xxhr1wlpqk9zp9z/AH3/AIax/Avg3R7XUH167TULR5Hj+ew/5a19IWfijxh9o/4om5lt8p873n+kbv8A2lXlUffPfrS5IckDB0u1+IXg24ea4Q3qS/8ALV5N26sKTxRNdXn71PLTf87pH+8r0Ky+K3j63Kf21BbSoP8AXIkflk12v9g+D/Hln/bvgn5L+L/X2Dt81dtOmeFUqHg91os0d1DrHhlxNayf6+D+L/P/AEzrm7PVP7P1ibwr8QrCWP7Z9ydB/wCP/wDPJ69C8YeD7y60d5t8tjeQP8//AD0WvMY9U8bSae/hvxMf7R8r7m+uepT5y6Zg6p4d1LwbrCeJPBepJcJ/y3RJP3n/AEzk8uubvPiZrFrHNpHibF1YXn/LJ1rg7XxhFrMzw3kP9n6ra/JsfufSqdxqE01nNpu99kn8D/w1z1PcOzlRc1DXrO1tf9FT/RpH+4h+7Rb/ABSvrVU02eUXNjEfuOnNeJyf2xoM3nb6p6hdQ3EfnQ/I/wDHXmVDq5KZ6pqGqaPq14/2V/s71wOsa19mTyf/AB+uL/tBZo/+msf3Kx9Q1iG7t3+3P++i+SpA5nVo7UyfZw7/AC1j/Y7b++9UZryaP/U/+hVX/tG9/wAtQB//1f4z5PiR+7+/sryvUNevLq4/fP8A6yopNL1h5H8u2O+P+/WZcaXrBj868Ty0rCn7hdSoEd1LcK8P8FU/L+f/AD/jRb/uf3M3/jlXPJ/d128rGU7eI+Z0r0Lw/wCG7u6TzvJdE/v1N4G8A3HjzUk0fwvNB9vPS3lkEIP/AAN9q1+vX7A/7DvxK+JXjq3bwubnTNV0+X5LXV7QtBJ9H+76VJnyH51+H/hH4w160mu/DdhPrGnW/wDr/Kr9GvgL/wAEy/il8YrFdU+D/kaiuMz6dKXWdT7R/dYV/cV+yH/wSH+GWlaHYeLPFnhzT9I1vZ5872kfmB/Yp92v2G+H/wCy78J/A6RTaX4dsEuov+XlY/3n51znRTifwQ/C/wD4IJ/tEa5DF4j0vTzBggz212ADj1FfY3hX/g3PuviBZmx8VW8mlzOM/aIuDHJ/Wv7nI7eG03/Z02f36htdQs45POm2b6mpT5CvZn8WPw5/4NkfFei29zo/iPWI9RtvvQOF8s160v8AwbUyWLRf2bqKCLfnBGeK/rzk1TTYf9dJ5MVZ1xrVn5zw2dygqij+SDX/APg2w8E69b/Y9USCB4v9RdxVfm/4N1fDuoaLN4d15Dd20ybEEUmMe/1r+sq31CzuW/cuPKpZporWHzt/yRVHwGnsGfyXfsq/8EO/F37MN5qngN9uveHrpxcQPcYk9fmP+1X374D/AOCTPw7W+uYbzR/tOlXD7/KcnEcntX7g2Wvw3Q8qF/k/uVs6PqkFrn7uys6lQxqH5XfDP/gmX4F+EuqWdx4ftSDaElNo7V9DXX7LPhGWG4tF08bLv/X4yK/QCO+huoPOhf5awcbuNmyinUFGnc+BJf2X/BMkb/2ppsUs/kbH3189al+wb8L7fw7deF208SWt4TIDz8hr9atQ0uGaP++leSavaw6XG819/wAe39+nzruP2Z+bF1+z/omm+HW8F6tD9ptooAmx+hSseb4J+Eda8MxeGdSgM1nCQ6I5OP3XSvt7xBosOoXCTWb/ACR/3P8AnnXktxeQ+F9ceG4+5cfPWJsfNMf7Ofg/w9H/AMJZCn7n76Lto8UeF9HTR0l1CEPX0h4y1jTtN8LwxQjzY7hMj/rns/8A1V8Z+H9W1C+V49QnynlcD3rnNDvP2ffC+mt4uOqXhPkQICn/AF08z/7E17N4f0ubQddv5ooRFvvd89Y/w60XUtL8N/Y5tiPP5bu9b3iy+Np5Mew+TcP8+z+Kt6dQDm/FHiD7V9vs7V0lhjgk2V7P8K9Hs77w3DFF8/lpHvrxL4b6DZeIo7OHVoXk82y8/wD7+19ieEtL+wxv9lT5JK1MahqW+l/Z7PztlY9xHDdL++/5aV2108OkWfnTP8leb/bv7Q0+/mhb99Zvsego+V/EnieHQtUvLPf5Vzo9zsnRP+eP8D0afdQ3Vwt3v83zK+dfjR4om0/48WE0n3NYtpLR9n/TL/V13vhnXofsfkzf8svkSuOpW5zogfSFx4ivo/B73lg7l4Uj+5XuOj/Eaz0fT4dTaYReb5clfDc3iSzjkTQWf57j56ua14wmult4Zv8AV/vEQ471nAx5P7p9ya58RLO6tf7S84Yi/f11fw78cf29u1iG43/aH8hK/Myz8Ralqun+JNH/AI7Oyjfd/wBda+hP2Z/Fcy+C9KtPv3MX3676dQj2R+mVx+8j8q6/5Z1NZ3Xl/uZq4m31Sa6jerlnfbY385/9XV+05DA7COQzb6I7ryv9dWDb61DJzv8Anp326Hy6VSoB11nqHzf7FaT30ef9ivK4/Elnaxmb78VVJNe+1W/7vnzqRcaZL4s8UTJv+zu6JXyP401TzLfyfO+T/XzvXo3jjxlZ29ukNs++Oevi3xV40j1q6Ol22Zkf5H448uuaoetgafIeV/FbXptUs303QfnT7jz18vaPBeaXfPeQnzJY++3zMV9U+INB+y+GZrrUoR/0wgevgfxJrHjCa4+yaPeDTU/j+b5lrw8Z8Z9rhPgPftc+NH2KF4de1jyHi/1ETt+8/wC/dXdH+LXiSHT/AO2NLtvtyRQ9P3HmNXx9pfgmbVXeaFPPf7890/3mrqrPRf8ATodTs4XneP8Aj+0fNWNE2xHs+Q+vND+L3irxRYxzeC4ZZNS3yefo95H5Myx/9MH/AI6h8NftBQtqn9pQ20sNzF8nkSx/d/2P/tdeVp4N8YaosOpWMxtPI+4/+s21578RL3xBZzLa+JIntNZmO8XDgGO4j/56e3T9K7zxz768N+J21WRPFXw5uftUMnyXuj3MnzRf9cK5u+8UeG77Vk/s+bZNs+aK5/dyL/0zf/prXxb8Pta17WtUudH17Oj69Zrssrnd8t1D/wBdP9W9d5rHxGm8SRvaapZ+X4hs/wBxd7h97+5/+8qfaAdL4u+HtxptxNrHhtHurZsuiP8A6yMenvXm1nr8V1+615Pn2bK7DSPihJa6f9ja5eG/g/v1DqH9g+Lrf+0NUha3uZfvzwfNurirFUzib3RZJI3uLGcbP9uvJdQjh+eL7jx13dz/AGl4bjubPVJk+xxPvgn/AL0dch4gihurN5rXfv2fwVyVD0aPvnm51qAyP5L7Jv79Y+r31vJJJP8A8tq4m48Rf3vno0vWLO7t3mhm8p/7lcvskdJtx6hsX96lP/tOH+5VGwuLPUZjJ5Wz/crY+y2fo9aGZ//W/nF8afC7wrosnnWqeW8VfNesaPpt5BN5OK9S8SeItX179zdP/rfv1zceg3l/I/yu71y0zM+P/EmjzJceTaw/J/frpvhn4D17xFqif2S8G+X5Nm6vsXQ/g7/al5DpsNtvuZPuV/QT/wAEsf8AgjnN8YvFFr4j8deHp7XTceemTjJrqgach8i/8E4f+CUdr8fPFlnJ4w0O5ttziCd/s37sf5/rX+hZ+yx+yD8Pf2cfA9p4es4ICIR8h8vGD6123wv+Gfwn/Zh8IxeG/CEEELRffLcyGvLPGn7QCxzPHbje3p0qK2IpwOujQnV9yJ9f6l4y0Hw7H9+PZsrw3Xv2jNB0nP2maPf/AHEr8+PFnxQ1LVL2b7Vc/JLXnn9rWd1I/ko++vKqY7+Q9jD5fCHxn39qH7SH9qR50dHlrgbz4yalcJ9xv++q+P7jxhNawvDb/uvM/uVc0P8AtLVJPOubjyYf43dqw+tTmd9PD0In0hL8cNQ5h2SbJO+elZum/FqaSN/Od5f9tGrxq31DwT9ohhuJjdw/8t+Kgl+I3gPT5P7N0fRHl/2/MrT2kw9w+hNH+NvkzffNxF9K9I0Px5NqkjzG4wkv8FfHNn4k1LVp0s7GzEHmf7VdhZ6pr2lRp9of7R/sIfLpe3ZPxn29p+qTPGk3ybPrXWWutfvPJr86Y/F2pfb/ALXbTPFN97Z5lfTnw+8eQ6o6WmoQvBeR1vTrHDWwp9IafrU1rdffbZXqmn3UOoW/nV4nbx/c4rSs727teYX+etTzKlM9guLqGb9z/HXmPiSbTvsc0N1+9i/jrndc16aH/U/63/erh9Q1T7Vcccp/t0CpnExma1/4lsyfuf4K+af2gtWk8N2MOtRxOSPkc+npX0h4skm8h5rVPMeKvif48arNqlumm6n8ltcJ9+pqFBpviaHxJ4T/ALMup/3sKf6Ecf8ALP8AuV5j4Ntx9jQXA4iQb/TzKzfhfa3ieD7Dy/nmjh8hK9y8D6XZ3Wl/6Vndb+ZPS9kwO2j1Ty9PfTL778abNlHjC6+1Xmj2kP7228/f/wBtK3tP8O297p8OrzOn7uu88L+GftSwzS/P5dTTK5/7x0HgXQYpL77ZCnyeRs2V7JpOntaxv/frN8J6PDax/ZIcp8ldtZ2v2WOuin7hJxPihZrrQ3i/jir4t1z4oXnhfxpeaPtfZcWn8bfe8r/49FX2l4kx/F9+vzf+KVrNf3D+T8jwPJBvpe0CnufF/wAWPiNZ3Hjhta1IlFs7iN+O3oa9g8P6pNf6W95v5/gr5h8feHby4ki87eZrtNtxgcA/369u+H91NpOj/Y7hPk/d7K806D0DxJLDb/ZtS3nzrP54NlTR69/bGiR3ljPufO3r0krlby6+12U00Pz+WlcH++0ffNC/z/wVpAD3LwLqH9tahfX25/8ASE8if/fir6o+D9qul65Z2tqmxK+Lfhz4mt21KW31GLybqaXch9a+6vC6/ZbiGb7k1dnwEfGfbOj6h5f7rf8AwVLZ3v3/APppXm+l3XmRp8/yVpR6p5MiQ0GR2EN9uuE3PU0useZI/wA+5K83vtU+yR1zsniibS7d5oU+SOtCaZ6BNrUOnyJ++Tzpf4K4nXvHc1nfPpun/uvs6fvHridP1SHULe51i6f55K8+1fxJ8s03zzv/AOjZK5pHVTpC6lffb71NS168P3K1vBfhPR7W3m1fZ++n+5XK6bHD/wAJNDruvOIn8jy4Iq9U0u6hureabzk8mL55P9mOmb+05D57+M1lqVxGYYW8pZU2OT1/Cvzx8QeHfDfhuxm1fVkldN+9E3bfPkr9LPHWpWF1m7jhx/AhbvXy74s8DaX4imHnBC+d/nEdK562HhM9bC4rkPgnS7H4hapqH+g38SfJ5/2VPlby/wDYr1Sz0r4tXWlp/Zf+i20v3E1OTybiKT/nokcv34q+hNU8N+FfA8Nxr3hGH7RrGoeXBBPeSf8APKqen/CTUvFGlp4h8d3+nxa9/BdSn5vL/uW/2iuX6vyHb9e5z570v4wfFr4N3Cf8JdbT+IEg+++lWj+T5f8At/36+hPCfxy+F/xOs4vtNjfw2dxjz7S7jxGp/ub/AOH/ANF16R4L+Gfg/wAI6Pef28n2uaT/AJYfaPtDeX/27/crg/Fni7UtPjTwr8PbbQ4LOf5Psd55lv5v/A//AI5V8sTX2sJkPiTQfBNrrn27wzrb2CffT7Z/qW/65/36qfFj4d61440E614bA/t61QvZT25zHMPm48yLvXnt5r3xU8O6G+j69pun3vhuT50ieFGmik/6Zy/6qvGdU+KmpeA9QSHwz/bmh21x8/kbf3Hmf9M46wqU4QLo05z+A5Dwv4u/4TL/AIkPiCaW01Wzfy0f7rf8D/6a1oWfjDX/AAHqiSbvOk/5aBxwa6T4hXfw7+I2j/8ACVrZyaf4gVMzvGIwsh968N0nxJZ36vo7T7jafI6S/LxXlVj0oU+eB9Fah420nxFpP2zTRvjc7J7f+KOvDf8AhJP+EX2adq+fJl/jrzGTVpvCPiAyXBxaTps+QcVNp/jy11jUJtC1D5/7jvWPtS6dMyPEP77UP3Kfuf79c1Y+dG33PkrY1DzrW3fTf+WNYNn5vmfuvv1gM9U0WAraLFcvlx2rZ+zRVf8ADfnDY2x0+Suw3z/7dBftD//X/lTj8QQxxpNj+Ou40O600yJ503/A0/hryObRbwfvrlNiVTktfssaee5/4BXOB/Qt/wAE9/2Xfgv8VPiAn/CTar9pMZHkJ5mM1/eB8I/CPw9+AvwzTR/C6QWKRwffSv8AJT+HPxO8afDDUk1rwLq8+mTI5kQwydB/dr+qD/gm7/wVgvNQ8E3Hgn45a1Pqd5CmbJCeZK0OiB/Tt8XPjRDq2qTWOku+z7nn187SapNrG/y3/dx/fd6+V4f2lPAuuTW0NnLvv737kXpXuOteJtO0HwwtxeERqo3uS/WvIqU5yPfo8kYe4GoeIrOG4ezsU3/9N6wtQ+Imk6WHsbN99179q+IPFH7QX2XzpraFIbC3TyYN/wAzzyf7FTfD6bxJr14l35KXl/efwP8A6uKOs/ZM6frUPgPvDw3m8/0y+ffNL/47XS311+78n/WV55pV9aw2qaTpsqT3n/LcoeBXeeF/J1WTyi/yR1nTplSLml6DqGuXH2ezT5Ff5/QV6FpHgeOR/K8PW32qb++7VNJ4j0GwsXs7f92n9xP+Wteb658SJmU+Zd/Y7b7jpB96shfGev3tr4b8D27zeI9Vj+3/APPtBXKXHieXXt/lMbe2/uV8zW/jOa+vGh0ezVEk/wCWr/eauvtdU1i12Q3TxfvKBHp1v4ohs508n56+hPB/xQhkvEs4dNLv/f2V8nx6/F9j/wBKdESvUPhf4s0GHUEh0u5f7TH/AK+u6lux/GfpB4T1qLVLfzYvuV0k0nk75ua8r8B69DqFuP79dhcahNsf+5XceNiPjDVJobq3eH/x+uJubuWOP++9bEckM3+ulrldc86G2mmt/mkoMPjMfWLqb+x3vM/6uvlH4hWZ1DR7yzuE/wBtK+hIfO+yvZzP8lxXlniXwzDNJ9j/AIJ02VlUpiPFPDeiwx+H3+wps/f76+pvDvhObSrib7Mm6KbH/oH/ANesnwP4T87Q003Z/sV9KWWi/Z7NIQnyR0wOD8N+GYZrN4d/yb469O0/QP3ny/cqbR9H8v8AcwpXoWl6f/oflfx0C9qYOlww2t551bF4PLjrNkjM026obi++1WP+3HWhgeS/ELxBDpeh3l5/B9x6/PLWNck1C3nhhwCX++B1r7X+Nmn3n9hj7L88Nx8j1+aPhu1vLrwvDoMj/PH+4rnOqnT+0ef+MPC/+mLqE2/yVfZPRodr9kt0tDNv+T5Hr0pdL/tbQW0/U9/70d/WvL9Hk1Kz8J2Gsakj/bLN/Inrn9kjWHIdtpMPk27wzD55UrxnxBrVnpd0/wDa0yJ5DyQSO9e8axqkOmad/aV0nzxx/u6+Ufi3os3iy4v4bH/XS+XOiVvTGezfDu8s9U8cJpu87/3c6V+h3h+8hvLyzvP46/PH4O6TqEjQ6peAExRBPv8AeKvurwfDLHqFt5afJvq6hjTPqLT9Qh/1MPNbF5qkNpGTL9+vPdLkhhmfyamvL7zbh7OZ/nopmdMu3Go+ds87pXBeMrq8ube30WNyrXD/ADkf3Kua7rEOn3ltD/z0eub0vVP7e86aZP8AUeZVHVTqlz72nw2lqnlQ/fryG38S3njDxJeTaO//ABJ9P+R3xXVeINS1K1jubPSX+fUUjgg/2f8Ano9eX6lfaX4X8P2NjpqJ5MuWQJ39/wDx6szWmeqW/wDpSpaH/XTp/BXef21o9roaaPf/AHt+x/8AarxPw/deJNU2alM/kPOmx/I/hjrHutU0vT7ibXtSm84wnYkKfyFAg8XeJNF1KbzPNTdY+Y85bjy465vwXq+n+L9LuPEd8PK02M/uN3V65XT9Pt/FVnfx6xaobW8GxETqR3zU+paP4fsfCC6PHFHa6fpqRhIYuI1EXT/0EUHdhzzz4n+KNT0eC3h0e5ttOuZHzAbsZFfOF58avG11ZvN4k+JelWFzp3mOiWypt/79S/vZK+Yv2nNLXVPHWj6bqniu5tbye2kRNMtrfzo2/wB+vy71D4X+DzrlzrHgtLyzf7n+mfu4Jf8Ack/9p1wVqh7uW4WEviP0+vv24viZ4ct/sng/4i3t5qsr/JKYIBj2/wBVVTRf25P2oF0u8i8da9Br1vduEgS7ggBik9RX5peE7WG11xNIm/4+Y/4K950PzvGWsTaD87vF/r9n8NeX7aoe3TpwgfVtj+0d4y1Szms/GFtHcxXYHn27b4yB7eV8tfPfif4jeTeXlnpN/qelf9OyTedA1dj4sutNj0n/AIS3CXMtu5gEI7yeWeK+RNVuJtLtYZfEjmGa88z91/EtclSXOdWHpwnM+uvg78Xrq8vrjwzrkiXKzqfIlPUyV57Za9eafrk32nzfJin2Qf8APRa+abPWvstwlxG4imifelezXuvQ6rImp6eiedP/AK9Kwp++dFTDntmueNrPWND+y6o/yxfcrC0PxR52ya1+d43+/Xm1uLy/kSOZ/LTZXVeD9Bs7W4/0V5A/8e9qVQ5+Q+hLG6h1CzSbYZP7ldh4PsYbVv8ATodk2z7jitLwfPpumafDNN/yzSvTo9U0HVNJe8vv+PO3/ufeqTz6lTkOc0ua8uZHbTfmWtvZ4h/u13XgDSo7zSXvdR0UwIzfugrbnx7/AHa7r+xtH/6Blz+X/wBnVe0OX6wf/9D+VvV9fst3+xXjviDXvMjmrZki86TEw8qvHvFn3/se96A5Dj7zxFefaPJhc11fg/4peLvB98954fYfaT+7gPpJXBfZf9j9K3vD+l3lrdfav4KmRof0gf8ABMTx9a+HN3xM+JE5vb+Y+REDJj957R1+uHjT49Q+LvESTX1w0Wm2w+4x61/It8OfFl5p8lpDeXUltawOZ3A61+nPgn9oLQx4Tl1rx1K4bBRLd/0NZVvfOmjW5D9MLD4iaTda5ceJNYZEjh+SDYcsI/8ALV9afA/xRr3jmzm17Rf9HsLj5IHr+fXwT8dl+JHiZtDmtRZ6ZsJnlJ5xFX7tfArx9YyaHpug+Gx9mtpM7EK9BXJUfuWOyjsfZmn3F5pNvDpGkzfP/wAvctbF18UtPW3S3e9TTtNV9jzSnDSGvi3x1+0J4Z8N/wBo6hdXSRW1uNk9w57/AMIFfIvwd+Iniz9qTxhB4ivpUGlWjyfZrccGsqdPkOunVP2Ts/GWpapbgafL9ntv4P8AZjqlJ/ZtrePqeoO800v3Vrze31jTdBsYrOThIxshHU1saf8A6LJ/aU03z/7VcdSoelhz1Tw3qg0+Z5r6ZEf/AG66rSbr+3n8nTT5r18l6h4yvNQuPsen7/3n9+vfvAepWcM1vb26bbg9x3rIVQ9K8P3VnJqn9j3SeYlfVnw2+HOjybJrWzR0/j2Vyuh6DpuqJ/xPtNMKbP8AXRfLX0v4H8G6P4b/AH1jNM7bP4zXp4XD9TkqVuQ9I8I+G7PT/wBza+Yn8fz119n/AKNG/wDy1SseOSby/OhmfZV65uoZIX+WvRmeVU98xbj/AFm3Zs8v7lZMl18/+xWlum8vO/5KoyL5snnfx1jyLsY1KZyt9pcvz/Zfv07S9Ph1CRIbpN/z11FvG0zO1aWn6X/xMPO9KXwCpk3hXRLO1uM/wSfPXqn2X7ghrlNPt4ZrxIZn+ST+5XY2X3jSHTlylSxh8q4rZi+/WX5I3JW9bR+v7v8A26zIIZI/++64u4/0XUF/6bpXoEnauJ1iKGaT79aE1DyX4gWv2rQ5oZq+Cdf8IyWOpGbfs85/nHvX6Ka5DHdW/k/wV4D4g8Jm4t/OmT5/9isfZnRTPnuHw79l0+2mb7++uJ1jwbDH/on/ACxn+/X05p+g+TpltZ3UL74q4/XNBhukh+T56oinLlPAdY8N/btLS0k+/B9z/ar518DeF9QX4iRXdujm1iuCnP8Azyr72uNBhWzTyfv7Pv8A/TSub0nwfZrcSzRjAl+f5P8AnpWYzg9P0GG11y/s7d/LSd/PT/Yr6Q8J2/7vzpk+f+/Xhum+H7+TxJHfXbfu44Nnz9+te5eG9U+yXE1nN9ygDqo5PskmaztQuvJ1hJo3+f8AjqlLqkPkv5Nee+KtWvLG1h1K3GXXKH/coA2PGGof8SuG8h+/G/36qeE7r7VYXP2X78z765q81qHUNPtvO+5eQb6h+F93l0hm+Ty4HoOgueI5N8f7l/8Ap22YrifEl1Z6j8WIfh7o/wA80Eex/wC7EkVdVH50d5Z6lcJ/x7/v/wDtpWR8N9Bh0/xhf+Krj/XXk8k9Ac52uoSf2LocOm6K6I8k/wA395Y6+S/EniLXPFC61o/w/n/ebI7eGUDMcfm9T+h/IV6p8bPF1ppPhzVJbhpIlhxAjoeskteKaXoM3/CJ6V4PsRPbzeJ3893QfMtrFH/y1p+1Zoe16bpPgvSfCttp9pfT3OlWcO55R+78wRf/ALNfKPx++N3jHxHeaP8ADf4cTRaNo948M+qX8/8Aq/v/AOoT+/LXbftEa9Na+G7bwH4YT99P+4/cVza+E5tF0+HXdYSCPSvDf7i2il+9LNs++n/XPfWXOddP3D5v1jxl8PfAcGq/FS60qd3vP9EtLy5XzLieS6f+CP8Agiir4h+OHhfxt4ujubvwXol5aJL+/nuXXd9lh/8AjtfoTq3w1h/aD8Qf8I34bhvfsdnPDZfaZ32W6+V+9eTy/wDlnWB8ffBvhWPw3D4b8VJeaVon23yLbTLOR457z/pvPRUpHpYfEcnwH4/+G7O88HrN448VW8kdtDbyJCHGC03pj867D9m248RXGmza94gUp9tcuiIOlfbHxg8G2fhfwfbfD3QfDaXX2NI553v5JLv93/yzqnofhHV5PCdt4wm0eLSoLdfISfZ5cCx/8s68epSPbp4rngcT/YP2XQ/7NhT/AE+8mkdP+mX/ANtr4i+M1u2n3nksfPey/cTlOSJJfWv0HuLO8sbNPEhuXu4YPMhTj/Wyf36+b/FnhVdS01La8TesLyXU/wD01ml7n/vmuCpTO7C1vfPi231T/R0s9/76vZvCfnWsa/2p9y4rHs/COj6DJNNNbBJv499XLPWvtVx9j6/3/wDrpWPsj0vao9a0eX5phv8Ak31ct7y8tbgTWr/JUPgvRZrnUf8ASn+S38x3rS8I+GP+Ek8QNHcf8edrmefv+FHsjn5yKTVPFd3p9vDNNKlzc/8ALCD5q+5fhPpd5a6fZy6o/lzRpvrwXQfDNrZ6wuuamrgn9xAido6+otPt9Sk0N/JdEeoPLxVQ9HbxRd3kzWdnN8kdL/aOq/8APapfAvgeMQNb3X7+b+JhJXoX/CA23/PBv+/laHk+0P/R/kd1SKGPf5fH+3XB3ug/2o3nfx/+g1j6h4ombH9+sePxlN5n33o5zoOms/Df2WPyb8760NHsYTJ5NcTa+KO9x89Tf8JRth/ffun3/wAFaGZ7ZZw/Zcea/wAtTah4om1KQfaZvni+5XlcXjiE2bwh3leT+/XK/wBvXn2j/RX+SWueYH2P4F8X6tdXkNvpI2JL8mMc1+7+m/Fiy+FPwdm/su433kNvFbQZPP1/8dNfzN/DnxRs1XztSneG2i+/xk19yal8XLLXNPTRrW782HzxP/rOf3VTUp85vTqHufxS+KGseI/gp4hhmvEuX+1+Reu/8P8A1zr9ef8Agn78Pb7RfBaeMJjm3uwEsogc4h2df1/lX4t/BH4d2PxX1C603Uif7MiuI2uAhwf4v8K/oesfFH/CG2kOg+E4RbwQW0cH7pa5TtgeySXVi/ix9SuPne3/AIP7tdtqF19ujeYu+yviHwb4f8cfEfXp9N00F7ON987gdf8AtpX6lfDn4Q3lvo8V14vnji8376D+5XJUpnq4apzniel+HbzVNkLPsSX+NK+zfhr4Fs/Ddrb/AOhz3hzvUnqK5qy8b+BfBuqR6XodlHNDj/WxNnBr7q+Hsc0K/wBvapP5Vo38D9KujTNcVWO88D6fZWOyG6RHcJ9x69ajtbOTZNsTfHXm+n694J+0H5P9X/y1216Hb6hDt/0Ejya7qdTkPCqVCWT/AFnnf6qoftXtXL6xdTf8ur1Rsbua6j/26OddzI6ATedvNJxItZlniP8Agres/wDV+d2rTmQFy3h9K3tN/wBZVPT/ACauafJ5M9Yi9qb32X3/AHlb1nJ+7TzqzvOm8v7nz0mlzfZY/v1NQg6S3s/Wti3tf3ifPWbpchmRK34/3MaUe0ApXkUNcfqFrvhf566q4m87+CucX/So/v1nTJpnnl5p/lR/7FcrPazXVu9enX9rDh4f4KzdPh+y270VB0/cPMdP0eb7O/nJ/q/464+fw7D88Oz56+lv7Lhkt/8AbrhdQ0//AL7qS6h82waXNa6X5P8A10qrHY/2X4f/ANv+OvRr793J5OzNcXrk3k6H9nH399bezJPKbO5htY3rj/8AhMoLXVIcv88n360tcuvLs3hh+/Xg9xqAkuEm87/V/wAFZ1DamfS2seIIbDyfnDeZ/wCjK4/XLqG6s5orp/8AgFcTqF95tvp95v8An2f+P1FqF15NxHCH+T+OpOiNP3CW31DzlSzkf/VfJW9od19g1B5oX+SOvMftXnahNZzfun8/enzf8s69IuP9Fkmh/joMS5e6pNa2cM0n3PP8iuq0/VtNtY5tItHffs8zfXnt5HNqFuln/wA8543rq9LtYbn7Tef89f46APDPilY2d9Zj7Um/yJftCJ2Mnp/48a9a0ews9L0P+2NTd/OjgjtF2Vzfiex/tSRBD/f2V1Xi7/iYQx2sjfuYf50HTTPl3w/dw6t41/tL7H9qSK9+R/8AnlHXWeKNLs/7AfUtevH1J/tPn/8AxvZVfwvoE2h6fefaH8l555J99aVx4Y/tG402z0FPn8iN0ec/89f465zeB4P4l+IWseCPCqab4VmTRnv3ke7fy/3i/wDTCOvz38P6L4q1TxBZ6lpb+XZ6d9qu0eeR5JJbqX/Vxv8A+jK/QrXPAfw/13xtc6lr2pS6lbaf5jwWcH3f+uklfPdnLqWsaxDoNjDFYpK/kQWqf8sof+mn9+WtJnbh5Fr4b+CbPSvA9/48uHnvtY8/yEvNT/dr5kX/ADwjrqvj3q95eaTo9j4i1aSQQj7fekcRn2/nXuWreBV1H+zbPxFd+VZ6aI32ddx/z/OvK9U8G2fjb4oTa54o8r+wdL+fZu8yP91/q0rglT5zrp1TmbfwvZ6pfaVY6pDsS3SNkTO3/WpXzL+0tr3hPwXoMWjyTOjF/kSJf3h69f8AZ/z2r9VvDfwl+0WMvjbSwb28mg2J5SgeX5v/AF1r85f2ivgzo91cXfirXLee8u5Iv3EIBMY8r/rl3qKlM6MLW55n4b6z48m8XeIv+EZ0bfP5b7PuyfN/t76+nPhX8Of7B2XevfPN/cqbTLzTdDjljjtfsUf9zGBiu20Oa81yzcaW+z/2SvN5D6Ln/vHp1nJ/Zeh3kK/fvP3Fdh8KfDJ0/T4ZroKkZTOe5rN8K+F7e3sWe6/vh8huhr3jwP4NvfFG/wCfybaP/WbBUfGclSob3gXwH/bl+muXa/uofuJ619MaP4Xhm2Q3Ex/3Epvh/QJLWzSGb7n+xXp2l+HYpNl5N+6Soj7h49bEe+V9PsotPskhsId6Vazcf8+1d5p1pbxw/NWh5NpVHn3R/9L+JnUPOP7nZXNno/8Acr07VtF+/wCT/KuV/sXzZJP7lZ+yR0HNxlfLfzn+SjzfJj+0V0knh+8+zv8AZPvVTi0drX/XUGZkR/eTz6I5K2Y9L8vZTV0iaS184JU/EBDpc038L17Z4b1C8T7HDM/+rT7+K838L6X5NufOSu80j/RbfyZv+AVt8Y6fuH6cfsi+ONP8OfatR1RxDDLLHFAPWSv1u/4TrwdpV1Ba6rqUQu7wApEXEf7uv5xvhr4mmsdUt4bziyjlD9e9d348+KHiPx544h1LUJv3Nu6eR5TVyVKZr7Q/qO8K/FbxY90mj+H/ACLW0+4iW4619geE/wDhJL6z+x31415Ns+eef5Y6/nR/Zl/as0Xw9dW/h28ik1O4Vw/GFEYzzn/vqv6HPhn468M/FDQXh8N+fbwFP9bKMZrlqU+Q9fA1D3L4fwxeG2/0d/3Pkb5ndfM/d/7FbGk/tU3y60+PD08NnD+4gkjlBMn/AGwl/wDi65XR/g/r11On9g+M4LR5PndHh+7XrVx8H/EmqKg1O1ttY8j+Dy//AB9KinVOs9s0fxlr3iTT4dY0dw9nP/yxr07R7rXv7PE2kzS2/wBp/wCWE/8ADXzr8L/A/irwTIkOgzPF5X/Ltcv5yrX1dpd5NdWOLuEQy/xolbfYOHEGxo/jKa1uPsesff8A79d5/wAtEvLV/NSvN49L8z99DXbaPazWEfk/+OVpTOaodvYxwy/79aNva7Y3hho0+H/Q0mh+/Wxb2v7v/brrp0zIh8vyZK2NP87zE6VTkh/d1Nof7q4rIDsLOzm8zK/coktfLk/d/erd0+zPlp8/yVFqNrtt/wB9/wAsqyqe+c47Q5YbW48n71ddN5Pl+d0SvO7ebzLz/brqtH1o33nWkjn/AGKwF7PkH+T9m1DypvuS/crGkhNrceT/AASVvR/vLdZv446x7j/StNSb/wBDoGY8lr5knzffqnHbzWsnkjlJKuXEzWkiVsXEfnR/Z6DQ523vJrWPOyuT1T+td5cWvlxzeSlcT5XmyPW1MmoeM6xZ1574oh8m3eH+OV690vLHZP8Avq8X8SaX+/m85/MrP2hrTpnzH4gaaTfDN9+vDdPhmurh9H/2/wDyHXvGqafNPqk0O/599eTeE/J+2TTf88/MSqGcpDdQ3tq9nav88b/+Q66STUJpNLimjf5/3f36zdD8O3n/AAnGqfIfs0Hmb3/hq5dWv7x/+mdB2Fzw/wCSPibo80yb4ZfkevVtej/4mE3kphKxfCfh28muLaaFC80T769a8L6XDJZ3k198jxwee9TUM4HmNvDJNcJD9x/uV2Fna/2P+5+TZ/rKu2dnDdahbS6eh/1W/fitfULWH7PDeSp/rKPZgeb3Fn5Mj81Dcaf/AGhb/Y95RJfn+SuwvNLh+2Q+X/y1/gqbXNL/ALJ1R7O1+5b1RofKOvaRqHiHxNB4Rtd6WkPz3Dj0rvNW1QLqk2g6WnlQ2+yBH/v/ACVpR+HZrDXHvJk+e4/eV2Gl+H7TS4bjxJcRfN/An/TSufkOg+adD+HOm6VearZ2OJ9SuIN88X/XWvPdP8H2fgPU4pvnn1Kb53d+fL+lfaXhq2s9Lt5pfJ/0yf8Ajrxm38I3msa4lnDN5HlP889R7PnLp1Dg5vDPibXLHbpqmaLfvf1r6K+G/wABfDPhrSYYfiQ8fkyj7S9pacEyf9N3rYhbT/B+hxaTocqRrbp9+VsLWD4F8TWvjC7LWsk97psD7Z5XGA8lL2SOj2j7n0V4s8SWd14XsdB8NpFDYSQfctodq+XX45/thfFT4yaheXXwx+BfmzXQ+S9u1UkRx+0nb61+qGof2xr2+Kxhl33H8afu/wB3XN6h8LbG18J3kl1NBpSeX8kr/vP/ANuq9nzhh6/sp85/J34s+Fvibw60+r/Ea6+zSlz5FpLIJJ5P+mh9A23rWb8D/FEy+dDC6b9/ybq+9v2nv2YbHQZBcXes7NRvJZLh3uDkzR5/5ZwRfN+dfLvhfwj/AGXdf2Lcab9ge4+dPPH7xq8XEUz6injIVYH1F4Z8J6lqNwdQ0yRPsg/i9a+5PBvg2HStPSG2d/Ol+/XmPwk8ITX2kwf2lDstLP5IO2T/AJNfXWn2v2W3/wBF+5ElcsjixVQw/LhtdkNblvqHkogqxHa2eobK3I/CMPk/a4X+eq5Ynj8waX511HnfsrW+xzf89/8AP51HZ2M1qnk7Ku+TL/coMT//0/5Nv+EDmjjTzkrEuNA8mN5q9K1zVPO3+W9efRyTQo/m8pWYc5zVxawwx+StUP7Ot/8AP/6q6G4bzqpyeTNvoNDlbOz+y/67Z+7+5Uy2cKxvDt/GtKSOGarNt/x7CgDK0/T/ALIvk7Nz063/AHMbrNWh91v3z/LVGP8AgpVKnOA6O5mtY/Jhd9n8FXLfWrzzEhL/AD1jyQ1c0ub949QP2TPYfBuuTWsh+xyeW/35/wDrnX9W/wDwTWWz1TwObjS5ZfLfjF23H4D/AD3r+TvwDql4mqC1iSB23/J5/Sv6sv8AgnTL4BtfDsUWpTQ3OpSJ8/2VsHFTP4DtwtTkmfqVceKIdFuI4ZE3v/sN5de6eD9U0vXo/tmj6pNp1/D88OD5eJP9+uH0WH4aXWnvZ+KrOds/clQ8ivbPCfw/8E6tH9s8B6rFcf7M61w8h6wXHgPxtdafNNDN9rlkTf58TfvFepvhb488SaTKmn+INl78+xDLxJ/wKvofwzoN5p8af2nD5c38bpXQ6p4X03W5EmuraDzv7+K3p0zk9qynot1DdSfvk2TV6RY2pljSuK/4ROa1uIZoh8n+zXr+h6fN9jSG5TZ5ddfKjk+IuW9r/wCQ6vRffrQt7WaL9zNUcdr5kn+3W0ySv/qXqa3tfNkT+Gpvsf8AyxrY0qOaO3rMDsPCcf8Aos1mtbFxa/6O8NQ+FzD5bw10l5awvXLiBeyPDdPtZo5PO348ut6KH7LeJNF9yrlnp/2WN/OrYt7XzKzphJc4eZNNbv8APWbG3k74ZuUrpNPtYfL/AH1Y95a+Xb/vv+WdUZVDHvIf9Dfv5VXdD86a2/ePWdZS/apH06b7/wByrWn/ALmN/O+/FWZRVuP4q5PyfLf79dVcSfu3rm7j+taE+zM3UI4fJSvE9c/eSP51etyXMNvb/va8M1i8/wBI8mszrpngPiiOG18WfZP9ivPbzwjb6Vb3M1uh2fuf+unmV7P4o0e8uPEn9qfwbNldf8P/AAfDNJLrms8xR/In1renTLODt/AN1a6HeaoYtsl0YuPSOubuPh1/akbxafCfOkf5Er601TSYbrT/ADpn+SSrmj6PDpem7dL+fULz7if3Y63nyGZ43oHguTw/psdrcMgvAn78DkZqv4X8F6prnnWMSeTb7cvK/wDv19VaRoNnoOnvDefv7mT53d/4ay7jT4fsk1np/wAiSP8AO9SaQPnu4MNtpb2djD8kabEgSibw3ea9bjTblPsv2dPnf+7XuclrDoNn/oMP2i5l+4+2uKuI5tWke1vB97r71PIuwc54jH4d1KTWLaazRPJTy60vGFjDNqD5+/HXtkelw6Xm8hiLv9yCBK4PxZod94d3XepL/pd0N2z0jrn9mB43Z2tnNqn9pS/6mP5Ko+J76G+j+x2afuYv4K6qy0G81DZNbZSGP/0OvPdQj8u4/s20/wCBvUgc3cSTQx2em7E+03H7/wD3Y6Le1+yobwQ/J/f/AL1dtpPh281giSOL97I/y7uABXpGpeE9J0fSYrjVG+03f/LCJDiszSnU5D5YvvBfiT4ias+l6l5ltokf39hA8yvX102109YNF8PIIbeH5Nif8867ax0G8urf97/o6V0mj+F4bGT7/SsxyqEfhPwneWt550zhPMr2T+wdBtLfzb798n03Vg6Pa/ZZH85/krpI7WF9nnUB7VnzT8VP7HuNPvLzT/DmnvNL8jyzjzL1v+2lfnDcfAnw9DrCXWm6ZFp9xNL585Qb5Gr9nNQ8I6bdbPOh/wDHam0r4e6DbDzrOzCXMn8e2oqU+c6qOM5D837f4XxWqwxw232dIq6qPwbZWuzya+xvEHhjEj/akT97/cryvWLCG18vCVw/V+Q6PrXOeESeF7Wxt3/c7PM/jqCztYbX/UvzXpmqRw+XXF3FrXIc9SoZ0ke7/YqLyf8App/n86kk7VHWZB//1P5N7iaH/VQ/cjrn5Ln7/wAtb0UP2r+PyRWbJpe3j+CKucinUMePzG/ffwVTs/OmuPN2LXbaTofmSY/g/jqa48O+XG9B0fGcH/qY/wDbo/g/260pIfLk8n+OoZYYY43mm+/QIxfM/dv89VZP9W9TfasL/ty1T87zt/yfJQAR+a0f3Pkq5o9r8nkqnz1DbzetXLO6+yyU6YHZaXpf2p08n/vtpK/XD9gD4T6tdeMorrTfF7wpDx5MUJIMcu7vL/u/yr8jdH1qGG4hm/jr9RP2TfHWuTa1beG7rz7lpsp5UX3R9395SN6G5/YP8N/h5p+k2MVrdeIhfr/BsXIr6J8P6foOXhupr9PK/jSGvmn9lDwTrmq6HYzWd1Pp37o/JFF/qxX6aeD/AIR6la2sU82syXco++8q+XWVOnznq+1RX8Cx2baPHFazu4X+CcPmvSLPS5k/5ZebXYReDdYtY0hmTzfLqbS/C9xE3nHf/wADrqp0+Q5KlQ0tH0v/AEfbMldJZ6X9l2fJ89dhofhez8hPNlrqodLs/L8r76UiOf8AvHnq2Pmx57VT0/S4fM/fV28libR+vyVS8vyeOlaBUML+y4sv5P8A4/Vuz0+GG4TzvuU6SbzOMVoaf/pWyucXwG9ptr5f76b78tXriXy9/wDcqvZc2adzHUM93jZDMn+srGoP4jCj87zv3f3Kt2f8cNcrJdfZYxNDXYaWvmW/2yF/klrCRl8BctY4fLrB1aSD7H5MP3635JK4bxRebtL/ANHf54noiZHO6X/x8ef/AB12MbQzSPNv+euAt7rKedC/z1qaXqnl1EvcNCfzfK31zUl5D5f3Kh1DUPMWuVvdQhhkrQqmZuufvHf53rxO8uvOuHhr2DWLgwp+5rzPXvJ+zvefxx/PWh1QNzw3pVnqDvN/BHBXeaHpcd9ssZX8uHf8715j4FmvLW38q3/v73r1TSNUs7WCaa6/evE/3K2pgXNQtbP7P5P3/nrS8Px/ZY/9uT+P+7XKjUJZLb7ZffI/8ddLpd9DJG/yfJVGNQ0Y4oZJPJm/ePRHD9l/ffJspbe6mj+bZ89Mi8l1ea5l2J/HVSJJPN+XOz5Krx295JG/2ezit3/jnqH/AISXSLVPJtk81P76VHHrV5qv+iWP7j/bpVPfK5P7pas7WSw/g2PWPf6TZ+I7jybpPMSSpr3XtNtY/JNyf+B1574g8T6xp8bw+E8JNKnyPLR8BpEp+MvE3h7wbDPolnCk1/IOmP3deM6H4XvNUvH+0Iks1VfDfhvXr6+e8uJjPcyf6x6+oPAPhi30OH7Xve5ufbpWRRT8N/CnWNH0z7ZcXEUCfxu6/erNs/Aem/2p/qZbuaT/AF5r2C8mm1G4/tTUpvtUsf3ET7q1m3l1M/8AqcIn9wfu65wp1Ti7jwbaQ2/kw4/dJ+4rLbwneRx/66LZ/HXeSReX/qetZt5feXbvQZnOLY2cbJ5rvsirRkk03zH+y52Vg6hqv7t2geqel3U0sftXOB2lndQ+X/fq8b77/wDyyrj4Zvssn7790lZtxrx+cWKfP/foNDS8UX1nLJ1+evMdQ0mzkj84JVz/AEyb/SNhrLk1Tzt8M37quWoa0zxXWJpvN8oQ7Erj5JYZo38uvWtasftG+aF/3decXFr5cnk1iV7TkMCSLzZKb9kP+f8A9VXJJJLdfMh/iqD+0bv/AD/+uuf2SOj2p//V/lB0dYd4h34eteL/AEWP95Wfokf+medXa+T/AM9vuVhUMyPS7SHy9uyrVxF/y7zJ/rKNK/0WzSH/AGKnkhh8vh/kpBA851S3h0mHyQPkrgLj7rw/PXp2uWsMlw/8D157JazGMUHQcTDa/Z5OPuR0fu/n/v1NqCzSXnk0f8s/31aQAF+6tTfvoZPOP7rzaIpfLjNb2h2vmXH3PtH+xWZnA73wP8N/EHi/UBDp2lXOowr/AAWEe6TFf0Q/8Exv2d/Af9uaVca7o/i+3mj+XyLxkt4/M/791+S/wK/Z7+IXiy+i8RfDfVp/DVxC8bu9xIkZH+3HPX9YH7Bvwj+K3hrUra08Qa8NbkADn7bcCQD2Tyvu1Ujrp0z95Pgrofg21020/s2zvYvITAe6wS0lfXWh6X51vXlfwx0HVtLs4v7Sh+b/AGGzX1Zoulw/ZP3NL4CvgOR/suarWi6PMtx5MifJXZR28P8Acqa3XyaRXtSjZ2P2aP8Ae1Rmm+xyPmtC4uMxv8/FcLqGqQ2u+GujkGWtSkh8ysW4uoYWTya52TWP3dQx6pDI3k7P+B0QK5P7pDeSTLJ/7JXY+Gbrf/rh8lcFqt1DMu6N8PU1jr9na2f+lPsm/wBusyT1Kzuvsv8Arn+SqusTQ/Z0hi+/Xm9542huoUh3/wCxUVv4ihkkT9989cVSoBo6ldbbiaz+55VQ+GdQvLWT7/yVm3k0P2xJt/8Arfk+Sqen3UMN59/56w5wO8vNU8yPFc3JqENrcHzfuVm3kn7zyf8Axys24k/cVmL2RDHLZ2reT/BXN3niiG1uEj/gkrj/ABZ4ohtbdD53z14P4k8eYt/se/8A6ZvQHsj6K1DxtpttH/rk/eV57ceLIbu4dof/AB+vi3xB8VJvk8l96VzcPxihjX9y77I6Pao35T7w1DxR5mnvNN8iRfx1xPjz+0rrS/J0t98txBXxnqnxe8nVH+1O/wBjuE9au6X8eIdL0tPOTe8T1vTqchfsUfa/h3xPDp+n3k13DLviSP5K2PG3i+z0XVLLTLX5ElcTzvj/AJZ18l6P8YNPv7XVNYkfeDhET1rnLj4hWeqeI5vGGoTf6TbpGltBXVTqGkaZ9gaX4yuvE2qFlicRbMJF/WvU9P1Sz0pHh377n/loiV8N6f8AGTR9Lt3mtpvtE0v33Q1c0/8AaMhtY0ijtvtDyU/rAVKZ95aXfa99oe8hfen+3XA6xqWseJLj7Hav+5g+/wD7VfKNv+1BZyR/Y9Rz/t+RXNt+0xa/2p5ejWOYR9/zXwa5/aGXIfZnhvXptBt5tNhhR3/5YV4/4q+MfxE8Pea0emJJcROEQKcR496+e/FHxq08aLOdSefT7vYXSbHFfOtn4y8V/EW3eG38RJdps/jb5GT/AG6XtWa+z5D61k+MniKWaL+0hG839zPSvWfCfiiHWlSW48qV5Pevz30P4T69osUseoW1tMsrfftzk1614N/4SrwbqiQ29gj2cn9z7y1lziPvaytbybfaQzeSn9zbXvHgvwvNqFu811qTxJ/cSvg/Q/GWsR6gk1xNKj/7dfTnh/x5efY0+1QxbP8Aaarp1Canvn0VcaD4b0+zSf8AtJH/ANj7zVTiihl/1X3K8ss/iBorTJDNG7v6jpXX/wDCUWeqbIdPh+StTlNiTULPy/JhPz1jxaLZXUn+nJXHyah9l3yM/wD3xWDqHiyHy/Jlm2f33lNAGxqlrZ2Mn+i/crm/7ehtbryYU3pWDqGvWd1J+5f5PX+CsGTVYfLm+y/vP7lcZ1xOkute/wCei/5/KuXk16aWR4d/yVw99q8lpH/pD1T/ALe2xpDXJ8Zp7PkPSIdevPs/2SF02VgnzmX9zsz/ALdY/wDbUPlvNNN/3xUUev2e37nz/wDoVR7Qgufufn+R3f8Av5/d1x2o+T/qYv3n/Aq2bi68z/XJI9cp+5tf+WPz1HtQM2Rfm6bKZgf364zxRqF5HGB8/WuJ/tS7/wBumB//1v5R9Lk8u4+0bK9Cf/Uf9M68ys5F8z9zXU6fdzXX8eK5yqfvm9pd5CI3NXPO8q3SaFKx4/3P+/WxZyQ3SUFHF6xJ83k1yd9D5cL/APfVdXrGoWcNvniWvKrzVoo43hmbFAGDJD5149VLeaG1jqlJJ+7fyfuVNH+8j8759lAGlb+TDG4316R8P9Bm1q8m+T/gGa83h/4+PufJXqngm40+a+itbhtw/wBjqKAP1e/Y8+FMjakmna5Cn2O7G94XmuIzJ97/AJa/d/8AHq/ra/Ya/Z+i0KS2lm8N6rYWez5Ln7b9og/74r8Df+CfOj/s/apHZ6bbazrk4iTf9kvYHAEnP/jtf1rfs0+EdD0/TrX/AIQ/WZTFCNz26Skj/v3LQbezP0U8F+EbLQbNPsj73kr2yy8z7Km6uD8N+dKv+lPXolBIx+lc5rmoRW9u/mf8sq6P/U/9Na8s+In+kaf5MLrVcqKic3/wk80l89pp8yf7lYOsfbP9dM9c3p8mm6VZ/vtkcyp8n+1XH+IPHmpQx/8AErdN9bHRTpnYSSTQx/vvuVgrrVna3B+evnvXPilrkMgimvIJMehxXz3qH7SEMt5NpAmQVjzI6/Y1D7fk8caaH87zvn/uVzXizxlptjpf2zelfn74g+KkP2hPs7vbzS/frBuvilp/lvDJclX7bhmuP6wP6ufTsPxOmtZPv1u+EPigUkf+1JvKmr5FGqQ32npJY/8ALT+Cmx6hNav/AKVv86Go+Mx5D9KP+E2tL6zcwv8APFVOz8XedePFXhvw7vptQ1jybj9x8laV600Oof8APOsPZID6L0/XppsVja74n8nzvnPk15ZH4n8mPyYX/eVzWsapNNH50z1mZnN+OPFEMm/5/kr4/wDF/jb93NFYzb02VN8SPF2pWNxND/qk+/Xx/wCLPFF5dXj+T8nmf3KVkaU6RT1j4gXmn3k0Pz+TJXlcPxG1L55ppn/4BVzXNV+1RzQ33/LSvK/L8y3fzv8AlnTN7o9IvPiFqV1ElnDN8n36x7jx5qXkJDNN5Sb65GSbyY/OH368j8beMtN0i3m+xv8APAnnpT9qwp0+c+lo/jZrkd39lhusL/Hx/wAs6m/4XReTSJ/Z955X9z5q/Ef4mftoeBfCN1L/AG1dR5jGzCHJr418Xf8ABUbxNrCyaP4VsktrTZ+5lcfvK6qdOczXl/mP6jrP40fYU/eTNceX/Alb1j8XPFk0Y/snTvOEn3ju6V/Fvq37cn7RGpK1rZ6t9mSL7jhefLo8C/8ABRn9rzwbMZrXxN9tU43/AGtRJV08LMzlVgf2bD4veMLWOa0+xwSf75qnpP7THhnVLkW8t9ZaXqUkvlQJcHkmv5j/AAv/AMFgvH81pHp/xC0CC8ZsI5sjt/H+KvuT4P8AiT4G/GTVE17XdK1CJJPngg/6bf7f9yj2fIOnU5z9mNUsfEXjzXodH8fXNzBeRfwf8sJf9tK+ivhL+zv/AMIZqDappcxudNm+4O4+teS/AG8XTdN/sGS7nubX7kENwcmP23/jX3V8N7TXtL/0GZ/9An/uGuX2qMj1Tw3oENrZJ/Z9z5afx2b/AMVdJZ6f9kX9wj/7m6qcVpDaxvNDP8n0outc8KxQnztZtonj++CelOpUAhuIdl4k1m5/4HXVWOtTeWm6vPY/F3hWW482Z53SP/nktacS2d1G80zy26fwb6UB0z1/R/GX9lxv5wEr1myfFeHe/wAj4+leS3F1o8UaTfbIv++q5W48XeG7CRIIX3+V/cqPasy5D2CPxleTfvv9S9U5NY026n825m+f6V4PqPjL/UraoazbPx5NayfcTZXN7dmvsmfRln4m+z7IZpsJVi48eWf2f7JbI7v/ALdfPreLptU2RTILdP8Afos5Yfn/AH3+sqfaB7JnsEmsRXQ/0fY71kSXV5dSY3vs/wBiuIs5jH/qX/8AHq6rT5bORf31zBbv/t0Uw9pzm9p9r50n7n7/APt1qW80NrN+5+//AH6o6fHCjvDv8yrk/kx27+Xcon+xR8QinJdffmuGld/rRcTfvPOhREH+xWF/bWznZ5iVBJqE11/uViBw/wAQfNuLHdM7ofMryD7OP+ezf5/GvTviBqH9nrF8/wDrfmrzD/hIf9uugD//1/5L7cffUPXV6esNrb/vK47bDD/rkrBvNQvPMzXOaHpy6xo/+plmXfXH6t4i/ef6Q/z15xJ500k02/NUvNmk2QzPQBpahqk0m/ya4+61DzP9dWx++8use/tTN++tE+cUAFlL08v7laXnfN5O+sG1tLh5OXrsI7f939ygDS0eOG5/jr2DwLr+l2OsW0k2lRTbD85nL14zbw+n3K2LP93MnkvQZ05H9L37C/jL4Qatq/8AZs3i3RJ/s/3LO50+ddv/AH9r+sT9knWNckuE/szTIJLbGx5TNxj2j8r/ANnr+A/9kHxN8UtFuF/4QfWL3RJUfO+KCKbzB6eY/Sv7Fv2HP2gviIuqW2i+IpZ9UXYS5ljRSo/7ZV0chvE/o28L3s0S/vodn+5XbQ+JIY/9d9+vAvD/AIqvLXYNn+t960bzXvN/f7/KrCoM9svNfhrzHxNJDrtukO8p5f8AcrldP1j7Tcffd0/2Kufav9H863T5P9ukB5L40sbOPT3u7p/Nevi34lX3iBrUzabc/YooR/CeTX3t4v8Asdro815MnyfwPX4Y/tjeF/iZ4uszf6FqE9pDChgESHCSfWpnU5D0cH78z5L/AGnP2x/g78DYJf8AhYHjKL+0IRl7ROZD5p4r8YfiV/wWQ+Cel6ojaD9suU/gdBXx/wDtbfsc65qWuDXNcE4vpH2PKgkkJr8kda+APxEs7ueS3iFykPCc4Y/8ArGn7/xnqunOHwH9CHh//gtp8N7e88nWLbUPJ/vvX1t8If8Agqn8F/iV4q0/wTFqSF7tvIRCMfvK/kJj+Hvj6KZY7jSpC2dmzKH95Xtnw7/Zn/aG1i8g8QaLo1zaNaP58dw/y1pyUzn98/0gPhf4Tmm0dNe0+bfD99N9ewaVpsOk3iXl9DFvin2b9tfnB/wS4/aW8QeM/g+fDfxsjMWvWb/PcbeJI6/VXS7e/wDFfiKLR9Nh3CMfaJvpv5/nWPsyalI9g8D6fZ3V4lxChMu/5e4rY8YafnZ5ieW9eleG9LuLXUH8lB5MCeRVrxJoP2zT0m2f6r+N6J4c88+Xf7Fmm1BPJP8Arap+KLWS1sfNlT+OvedP8N/Zf3+z/V15h8RNPluNP8m1f56ieH5APzl+Kn+lXn3/APWJXyL9l1K4vHm/jjr7G+InhrUprh5rWEv5VeP3vhe8tbhNSh/4HWMonZA8lj8GzapbwzSJ/vv/AHq4m6+HF5/aLTb9n+xX1Rodj/Zf7mH54ZPnrH8SQ6PfW6fbvkuY/wCOrND5L8YeEdNSzW837H8j50r8CP2pPit42a8vPCvhdPtFzKmxESv3T+OGqaHrWnPZ2D+RcxfJX5PeD/B9n4x8aXImhfzvP2UU6RVM/AzxB8G/i151zr2qaVLL5nzv81ecWvgvxpAq3c1nP5P97adtf3W/BH9h3wDrng2K+8YRQXJifqRgj/gdfQnhn/gn/wDs4x5jl0SIon3Ekj3rXXh6hE+Q/wA9O38B+Nr6f/QbN/3n+1X0V8Of2Lfit421i1ju4njgu/nzbrkeZ6V/frpf7E/7Ldnbp9s8I6fON+cmPvXsPgj4J/BXQZJ7rS9P0sHP7jjJFX9YOb2VM/kj/Zh/4JeXmhww6v4itcFvvh48mv2A+Gv7NOl+BdFit4YYJlj+dyF21+yVxp+g6Xvt/scETxfx23zVm6x4R17xRYpCIf8ARZk+5LGkcn/kWuep75R8reENB8N6Tbw+SiQ+SnrXs/h/xFoOn7IZrx4po/4K7LQ/grYsqf2zv/3AyVjeIPhT/wAI7H9s0vStTeH+5BXCZnR2fxC1K6tXh092/wBmqd5deHdUh86+dPOr571jVPG2kf8AHjNLaWf/ADyn2LWFdeNPEW1YVdgfbtWNQ0Pa7OSG1kfDu6VdttesfLSzimwktfOlv4k16R3Nx58n++ajt7jWPtCfZYfP+SsfbsD6nt7qz8xPtGykl8Vfu/8ASvKd9ny8V4PJdaktvD++RHi+/vojv/3mBN5/4Uvamh6FcP8Au/O3+aKxlu18z7n/AH3SWeoQx74d/wA9Z8l1+86VFSqZlyS6/wCew+StizvvKj/ffcrlYpv+2tXDdQq3nb9lZzA9C0u+8u4Qwj5K9I0uOS+kQ/x14zo/7q987f8AJXbW99qVrs+y52UGnskeq6PLqPz/AG5EiSP7nP7yrdxxI/yfPLXJafrE10yQiFIvL/jc10/nf8sd9HtUBDJar/qaW3tVtVSoIVhk2Q7Pko2/vEi/goMz53+MXhDxLrC281hfvAn9zFeC/wDCt/GX/QVf8q+zvG2l/wBoWazQ3BX5+leYf8I5cf8APy1dAH//0P5O1/cSfuetcHI032l/3VehXH+r85q4nUI4VtfO/grnNDk2+5J9ys+T93J5s33JP79aTLm3f+//AHKwZPNx++2fcoAI5P3nk/Jsqvced/wGqtjLN5n7562I4d6pDs/GgCHT7WV5HmhdN9dVp8cMP76aub09YftH/XOuwjU2smNnz0AENpCP31r8laUbfZf43qnb/vJKufavJkSb/W0Dpn2N+zDpv7QXiLxNaaf8N/Df9oIDvn8+PK4/7+V/ZZ+wz8O/jp4UaGXxN4V/s4zAh5tyYH/kXdX8PPhP9on4uaDb22k6Xr13p9tCeloSp/Gvvz4H/t2/tBXniS2s/AdjrPim4z5bvJPJIB/44yp0rT2qLgf6Onhq6+zaXHDcOHmjT59hrSuNU02ON4Zptj1+V/7Efxo+KfivwFYal8W9Nhsry4T5E8yv0U1DULO6sX+0fJUVDQuWeveTccP8letabqk32L/SvkTZXzhod1povE+f5K9ZjutSks08k/uasCp4k8WR3UP2byiR9MCvkvxdZaLrX+izIZH+nFe765aw6hI/2iZ9n8dee6r4d01bfyfDab3k/vtXObYeofCt7+yL4P8Aihrjw3yb0k+/5lYOl/8ABHb9mHW7fy/EGmJLD3wec/8AXWvvCXw7rul2cLW6JEn9z71eh6TJNa6emj3TvCn8e+lU9w6/bVD4+8Cf8Enf2K/BbO1n4YtZrsOH+0H5v/RtekePvgf+z78P9HeaLSrYT42QRGNJJBXuXjL4zaXpSjTYitvYQJ8gi7mvi74m/Eb/AIS6wextYfsiXH9+sC6dScz4s8B6DDZ+OLz7DDsS4/g/65V+0nwK17QdL8N3Ovag/wC+nTeleM/B39n/AEux8Ntq0yb5rrlEIyRW9oHhHUpvGEPg+1/49pE8+umnTKqVuc+9vA8i+IYTc6amN33y44rsNQ0eGWzez/grq9B0Wz8L6PDpcOI0iSNKwLzVPOk8nY372uun7h59OmeV/wBixWsb+cnmJXm+oeF7O7uHmh/1NfRVjoMF1/rneubvPC8P2jyfs3/A6xkXTPj/AFj4faLdW7/bIdk38fFfPfjz4Z6bJG8NmnyRfc4r9CPElrDp/wDokP71468B8UafBJb+dvRHkrKpTOj2rPyv8QeDfFWgxzXkKefDB/cSvAfEH7uzuRqVz9if/dr9LNX+2afI8NwiOkf368f+IXhqO88uxt9Nd8+Wmeg/e1Hsy/ao/Erx58P5tet4bTS5nR7iCSeefbU3wR+BcN819/aH7m6t3jkgPr/niv1h0f8AZxb+zI21zYlz5vzw4yDFmsex+BM+ia8bzTlfZs785NHsy/bM4/wfeal4Y0t7PZ5iSffr3PRPidpdvYrDbNsf+51FJ4Y8FzSLLJqVo7rn5Du6V22l/s/3ni2H/iS2bv8AP6YNP4DkmYVn4wvLr99M8Vv/AHK6/R/BuseLrj7ZviRJP7i19IeE/wBiHVpNHM2rD94PuRStwa+hNP8A2b9S0rQ3h/sf7X/zw8q4rKoHNE+J9E+F9voN4l5dwy36R/cTd5bV6R/aniSO38q30qRP7/mx7v8Ax+vbLr4T6roun+dfLJZv/wBPYzXkuoaP8QbWR/7Bv0+zf9c46ox5/wC8cLNNptr532i2n01/7/mRtXzb4n1jVIdSl865nmDfJvzgYr0Lx43xa8u4m1bWLaT/AGIPlr5w/sXUpHeW+ffN/frnmddEp3kc2vbIbp0rlP7L/svZ9oeD/gFGpWv2W4+yXX2mTy/7n3a4+8m8uSvPEbH+h/Zk8l/kos7rTY2/j3157J5zO80z/rVzS5PMk/fP/q6zA9Ik8T6kt0bOG2iu7b/v21U7C7k8xK5uzuhNJ5PnbPNqayuoY9/zo9c4/ZM7aG68yP8AfcPR5P7v9z8nl1m2d98qRL9ypvtk232oEEcPfzK0reT/AJbfwVm2c37t/krS0vyftHk1mB1Wn3XtXa6VdeT/AB1y2lww+Z9+u20uKGORaDQ7y387YnyYoWby5P77/wByoYZpruP5f++KIYzayP8A+gU6ZmaUVx+8/wBj+5V23Wb/AK5VS0uOH5Pkrej/ANH/AAqvacgHgvjbR9YuLoXFsdinszVwn9h+IP8Anon/AH1/9evrXyYbiFfOqP8As+zro9qB/9H+UL/XYhrzbXJPssiQ769O/wBTA/8AfryvxBaww3mY99Y8qNaZhXEnlx/f/wCAVzUt150n3Pkq5eTfu38lKp26+dUiKcfnfaK6SOT7Lb/crlf9ZNW9H/qx9+gCezb955/+qSupt5t0P7771cd5nlyPDDW/9ph/v0GZ0lvJ9z+5UP8Ax8x/7EVY8d3cfJ/n+tTQy+Z+7/goNDe0ubybjlC6f99V9/fs6+Mv2vfF2z4b/s/3kenRTfIjvGFjH1l8pm/hr89Y/wBy3m2/7pK9U+Guq+N5LpfDem6tdwWc0n78RSNHmq5UXE/t4/4J7+FvEHwhsYLH4/fEbTtR8RyuiTm7uUaQvjokHm7v/Ha/cjUJrO8sHh0y5R0/v4r+Vn/gmT8J/wBn/wADXltNo0Wn694wiQFzbyvdMplDc+Z91O/6+tf00aHr1ndWb2f+qeP79Sb1DUt4ZrWTyd//AANK9g0fxRo+n2fkx+a/9968fj1WztbcxbPNet7T5vM2fZfvyUGfsze1LVNNkk/4lqPvko0fT9YWTzrpE2fx/vKuaP4Rh1W4eXWLkxeX/cr2bwv/AGDHH52nwomz+NzWZMDyWxjmlbydP3u/8GxazdS8C+Lr6Jv7Ntj02c8V9seD9LXVLJLyzmGz/rnXbW+lw+Y/nQp/31XR7JG0a3Ifj/qH7OfirWo/tmsPvff9x65vS/gD9v1qC11JnmTfufnGK/YzXPDc2vbItmyH+/t+aub0nwBpcdx5vlJHFH0/2q1dOEg+sHmXgv4f2cPk2sXyQxJIiJXRw/DnR9P8WWGsW9sn2mJPnevbNP0Gz0qAQw/criZNc8zXJpmJhht/kpVI22NPac5vfZZr68eHZ8lb2n6NZabGn9+ptHWH7P8Auvn8z+OqeuahNDbvDap5j1n7RHPIwdS1SzRnhmHkpF/HXluoapN84L/JVfxx4mmtrKHrsb5HHrXg/wDwkV5r3nalbTP5MDxpBF/ekp1Kh3ch3niCaK62Q7/nrhNU0/TVjfzki/d/368G8UeKLP8AfTX33I/4/wDlpXzLrvxj8uNJJPOf+D5DWFM3p0+c+ov+JPdeJHhFt8kdc/qWg/aNUfxIJnmv4v8Aj3tz/q468D8C+LLrV5Xmkm8359iV6Z4X+JkOk+NL+zut8yfu971dMmtTPbdU+GOmw+Fb7VJMvPE8cCeh9/1rzbTfAtj9nE1wfJdX2Z9Y6+orjxRZ+JNNhm0F9kMcH3G/6ZVkab4X0G/judSX7lx8+w/w0jn9pznkmh+GfCNvqBh8v5/uebFnmvrrwZ4Y8K2ejp/o0+zf/B/8XXnskOj2tu8OyJ0/8fre0PxRNYR/2Po9z5af88njp1KZjUqH05pOoeG9BtEWHzIodn8TVweofGTR7WSa1/dJ/t+ZXkviDx5pskaRX6Pd3P8AcSPy68l8SeTqgmu5n/s9P77ru21HOu4U0d541+I+m+XN9ouRD/c3v5jV8f8Ai74gT3GbXypJv7mTjNc34k1qHS9U8nTIZ9ST+O5naNa8j1jxxr3lvDawwf8AAP3lcNSqbfAM1bVLPSI3vJdNS7f+Pn7teA6x4s1K+1B7jS9NnRP9gfu1/wCuldrJ4i+INnazS2s1s8Nv/djRdtYM3xE8TavpsukXV6lzET/GBxXGWeQap4k8SXW6G7eKJDXEXEnnfxvXcaxHZ+Y/9oPsrzW8lht7ib5/krH4TSUiaQzfaP8AVbPxrBuPOq4L7TZtn2Wb5azbiaGpAhuLqZt3yeXVzQ5obWRIdnlpv/hrNk86aN/L/wC+6u6Xa+ZcedNXP7VGh6zpa2eoSf67/vut9o4bKP8A0f8AeVwWn2tndR/vq7Cz/wBX5MNRTMy59lm/13+qq5b6Zef66FPO96LO7/eP/frqtLuvkf7KgSr9qgDSdPmij27673R4Zpt8Pnf6qsBLlrrZWxpfkw/uf46zNPao7DR8x/x763o/9X+6rm7P9zH+5q5ZSQzUCqVOc6rTpv8AljsrYi7VytndfvPJrYt5vMkoCpULk1xLFCo2b6qfbpf+eP8An8qkkWaJKr+ZN/n/APVWZB//0v5K/tUMaPXmviCW8V3853r0jP2pvv8AyV5vrlr5P8HyVzmtM45pPn/+LrOt5vWpry1m/vVTs7WaZn8lPnoEEk37zn79bGn/AOr8mGtrQ/C97J++uYX/ANyuut/C8enjzv46AOQsrSaHZ53yVc58v/Yrr9QtZvLeaH7lYMdr15oAht4fmerEUcm9/sP36tWNrDC6f36uRp9/dQBT0vHmfvq9g+HGvf2Hr0VzJcJaW2/55hHu/wDIdeYr5MP+/wD3Km8zybX9ynyUAftt8P8A9uabR/EFn8Pfhemq+TK+z7HZ7LePzP8Ano/lffr+kD9ln49eNJPCNppvjCwj0lZBvdL+WMzsO37uKv4b/hn4w8beEdUhm8N6b5lz/A9fv9+yPeapo8K+MPiC1zeXtoBOiCMQ2+P9uf7zfd6BaDf2p/WJ4f1jy/J1Lej16Rb+Pri1k86azE9fE/wQ+KWralpMTa4+n2KSD9xFbnJAr6WuIryXS/tnkvE8n3H/AL1Bvyf3T3i38d/u082zf/br3L4e3UMkaTQ6VFtj/wCXm5r4V+G91qT6ommwzfZ5pK+0tPutR0rS44b94x8/bpQcp9CaX4kvJY/3ypL/ALCLWyviL7OomvvKt0jX+Nq+abfxleW0/wBntpv9Ynz1jT6h/o7/AGq5+SStAPfm+IVhqWpNY21+gSL7/wAvWu28J339qRvNsk2R/cd6+cPBtvuuPsEadfzr6t0uNrONLP8A77oAsf6zZn/lnXheuSzN4kvPOf5h9yveD/HXzf4kkhs9e+zSv88r1pT98qmeqeH7yH+y4f8Alk/+3XB+KPEX2W4mmhf9zs+5/eqGTXrPSrFLP+OX5K+Y/iZqGpWuoTXdm6b5f4HrM7qNM0vEHiaTXFsYbUOk0ok6dq8l1j/hJIYbb+yUSCxi8zz/AO/5ktXNC1jEmlfxpFBvf/rpU+oeKNHstPubSb96959zZ/5FqZU+c6adPkPnTxxNeaXZvqXiO/S0h+5ZW2371fHPjAQ3XiLzoQn3NiV9IfFbx5FFod/NDapLDZWnkI7/AOs8yX+5X5g3vjmx0DWJVkm8pzPGfn6AVyndh6Z9F6Xp/iX7R5Oj/wC/sSvo/QfB95JpsVtrG8qfnnfPLfWvE/h3448N/wBl/wBrw3kVwk6V9UeEvHtpdRw3mwSpsqvaGGKp++eteA9T1jw3qyQ3CRfZpvv72r6m8HzaDa6f/aXnS75P4K+R/D+qabrV5/pX7uGvTtD1DR5rfzrCZpkj+5srqj8B5Z61qC2d1vktfuVhf8JRNDGYZrP7Qn97/lpWBceJIJP32p77VP76VzcnjTRNLUX/ANr3+ydanmRmGqeNPECqdO0Nk+z/AMTkfNXkutXkNxqH+meaJf8Alohk3GqfjL4uCSYxWtx8v5GvlHxJ8Y/suqPFDc/a5pPvvbSeW1cFSoVTPpya18N2tvNeaxePY/J9/wAuNn/74r5j1zxN4U1a4mm0u5lu0/jfCLXidx4u1jWk8n91ZCX/AFnn/vJGrg7z7HY2/wC5Pyf7C1y+05zr9nyHqkutaDbst1a6rAk+P9RkeZWRpfxMhu45od6Xbxf9MfJrxO88SeG4gknkSzXOz5Plrmv+EshX/Q97p/6LrmEena1rFn5iS/Y/++68x1S1h1STztkWyqc/iSzjt3hs5vmlrza9vtYj/f8Anf8AfDVmBtXF1NYSPDH8la+l6pcXUf76vN7e5hm/10O+uk026uLNeHdE/uVoB6Fpcmy4QTf412Gk3UMWzD157pcnlxpWxbyQ3UaVxzNIHoVj5y9H+Suk0++/d+SteY6frU0cf2OF/mrttG1SK5jeGaHZ5f3KzMzpbe+8n/VVr2GqTRbPORN/9+sGz/0X7v3K3tP8n7PQEonYaXfzydPuVvaPNNHJ8tcfpdr9lk/c11Vn/wA8f46dT3AOw0m78mtLT7rb+5m+/XN6fJ+78mGtmzk+/wA1z+05AOp0/wD0ha6rT65XQfJjt637OTydlIDXoqKOb/ni9Sedcf36rlA//9P+Tv7HD/f/AFrj9Q0vzI/O2f8AA67e38mSP98lW7e184Pj96m+ucXtTxqz8NYkTKf79d34Z+HsKs/7r/gFekWej2drb+VsR0r2zwN4ds779zC/y/cep513HznmfhvwfdRRQrEnyfzrE1DwDqVreebcOn+5X2/p+l6DpC/2bdP/AK3+/Xlfi9dNhheGH7n8PyVn7QmR8pX3h3/R/wBz9+uC/sua1kf5/k/uV7ZqE3lRvFCleJ65JD9qeuin75sU/wBztT5Khiulik/4BWPZyTR/vdlU7iT/AJ6VIFzzJq6rQ7X5fNmrldHs7rWNQGl6fEZJZf4EySa9O8K+F/E2sakNHs9NuVucZQNDID9aAOw8JzWdr5M10/yb6/Uv4N+B/Hnl23jDxokWm2mz/QkvLtIZ5/8Av7/x7x1+fkfjLwr8G1ex8MeVrHiqVP8Aj8eD9xZ/9c0k+/JU3w31bUPGniQalq9/PfzyP58k9/vmA9Xl82gD+tb9lvxkdBjsPGHxCfSn3r+406wuPO2yeZ/y0kllr9ntD1rUvFWlxahIiRf3EDZr+b/9jHx18OrOazXwT4fTXtQhQfbNRv4hHCf/AEJu3/TPtX78fD/4teNtb0dIrqG2sPK/gs7falB0GxqF1/ZesP8AP/qvv7z+7r1TT/2iPCJ8rT9J8sTx/I5QSKD/AN/a+Y/GV1q1wkv217mZZPv7o8A14PHeTaVcfaoUntH/AN2q5kVTP04h+J2n3knnb4yfyqpqniqa6t38l18n+5X51af8cNYtY/7NmdNkXdxWnJ8SofElxDDM/kPL/ceuf2hR+tvwZhuLq48n7UR5v3wTjNfZgutNDot5N9ngg96+Lf2Y9L+y+EVuPJw5/jfqa9s1zUPL/d2r+a8X/fK12U/g5zM94s/E1ndWb6lGhS3V9lfKPiTxJptr4gudYupvM+z/AD17Z4QmmvtLTzrlH/volfn3+0J4F+K3h291TxZ4KglnEsWx7cNuz77P8/rU+1RthafPPkPXNf8Aidb291+5P/LD8jXyj4s+Nem6hYvaSTPbMG3Tl+TIfb+7X5X6h+1V420vUJpppvn+49crH+0doOn6TfapNJLLr95P8glXMcYrz/rx9rTyc/VaP4rWel+D01KKZP8AQ/3EH/s+/wD7a187eIvjVa2MkB1y88qGND9nfqCf4q/PDX/2sIbDTUt44HmvCn7+VxwTXwr4u+J2teKpjJfXUjqXLIPSs3mX8hvTyfn+M/Trx9+0T4f1iGKxjv0uY4v37gnFfJ/ijxTpviKPzoZlr4b1rXP7NiOqahfeWkfzkk9K8c1z4pX3jWQeGfAd9JFbiXbPd8c/SuX6xOYVsLCED9DNA/aA03wpNH4ds7n5t/yCLsK/R/4a/FDUr6xjF3byXKTffcdBX5O/BH4Mrb3Vtdao4uZ8hvOB4r9XPAui6bMptNN1KdHt/vpEvy1tRPCxR9meEPGEMP8AxL7iREfsiLgV6RcfEr+xbNJv9bDv+5FXxnqDfav9DmmlRP8AYrvND8B+PrSzea1ub+2tv4P3fnVvTqHjH2Z4f+KXgXWLVLq4mcNn/j3zzWbrlrZ6hZTH5I/M/wDRlfGfgfxR/wAJB4sfwTo/lXd5HP8A6/Hz/wDfuvePE+geJPh/Z/2pr0N3NDcfxpHu8qmZninj61m0hZbTUj5z9cjpXyV4o1T+yY/9Fx/v7a/UT4M+F5PH1nJfaylzLHt+T90Ix9f9qvN/il8IfAd14geGHwxLcXMab5/tn77b/wB+qzqU+c2p+4fl3Jr2vTSJ9jeLf/08/wCratizutSjX/iaTI7/AO9X1F4otfhv4VkSHVNBS08r+D7HH/7Vrm4viP8AB+1k8ybRP+/6wLXJ8BR8yaxqln8/zpv/AL9eeR3UN1+93v8Avfavq7VfGX7PepXH/Ihy3fz/AMF6kP8A3x+6rnY7H4F6pG8el+BtVsn/AL9pq27/AMhvFWQHzDe/Y5N/3H/uPWDFdW/2h/k8yvpC+0H4AWm/+0LPxjYf9+Lhf/RdZFvoPwH8t4bXxBqCP/03jgSgftWeGWsn/PRNj10lkJo/9yvSNQ8O/Cu2j86x8T3Pk7P47PzP/RUtc1ZaD8Pbq+T7H4qlk/2Psb//AB2ucKZnRXvUfwVvaOtv5afYXf8Az/wOuV1K10211SWxsZnngif5HI25re0q1htVrP2qEdtZy5/1yVsafJDt/wBiuVs4Zs+dDXSafN5bpWYHoNj9yur0u68qNP7lcJa3X7vpXR6VdS/J/f8A8+9AHqlndQ/8sauWd3Nul+0Vx9n+76Vv2d15kfFc4HR28392tjRfOSR+1Y+n58vzs1uaX/B5L7HpxlyHQdNZzfL/AM8q3tHHkSVysbfc2vW9p7/MkMKUjOB0kMO5am+zVR0WLbHjfW9s/wBuswP/1P5QbeT955cNdJpf30hrBtYfL/3K3tJ/dyJ5lcZodVodrDHGkM1eoaHqnl7IYU2V5rowszH/AM8nrttHk6+d/wDtVmc5239vTQ/ubf7/APerg/FF1M1kkO//AFlbMcsP2dPkriPFF1DDbvTpgeS6xdTQ7/n+evH9Y+2faHhkr1S8h8zea8x1SGH55pvv/crpw50GNZ/6x/J+5V3SdcvPDd15ljs379+9wklU4x2KVsaXY/a7j/TP++6kD1r4feOPida6sl54Rms7F40+e5S3gXyP+2le/S/t0ftDaRYjw74b8TfZorclnuIokMk3/f3dXyjeeJo7fTV8P6Oghghw7zL/ABfWuPt21bXtUTR/D9rLqE0n3ILSOSQ/+QqrlQH2N/w3l+1Uh8yz8ZXOJP7lta//ABmu28L/APBQL9qSx1AahN401WZIxs8rEAjMn/fqvm/wt+zJ8aLyNLjxBpaeH7C4OxLjXZ4rKMf+BEq13mk/Cr4P+HbyGHxd8RYHud/zWfhizkvZP+/9x5VtUgfrR+y7+3d8eprW31Dxh4n1DUZ/NIe7v5QLeD3EH/7Nfs98Ff2wPHHxKuhDoaanq15s2F4pcRiv5SPBfjL4V6D4gh/sHwlL4geB/Oe/8W3nnL5f+xa2/kxf+jK/d/8AZh/bautB0E2FjYwNppTZb29nHHaQr5vUmg3p0z9zpbr4hR6Wmpa9rc+mvJ9yJ5K89vfF3iSGT/kcL2D/AK4B2/8ARteEfD34xt42b7HD5V5NCmZ3t+Y4z6b/AOKuj8QedDcOYXSsqlM3pnSXnxg8VaXv8nxJq928f396wba9I+B/if42fFrxwmg6O9nd+X3v44Nqx/8AfuvkbVLq8jeHyU+SSvrn9lHx1qvw31qW+8RWItrP/li78E1lT9+ZdM/ebwj4Tm0HwvbaPcPBvt0/5c465XT/AA/qb6495ceb9ml+f5xXB6L8f9AuLVP7IuGmWTsgkOKm1T4ta8NJ8nQ0XfJ9yeWvSMjsLi5m0VU1L96n8CIn8NLqPijUL2w8nztjy/8AfVeQWfxC8eaxb/Y7iYbf9iOptQ1iz0vYb6F3rK6A/B3/AIKA/s63nwn8dTfEzwoJDo97+/vN/wDz255H+fWvzN8WXVn9jttRt33w3Cb6/qC/aCvLbx54PutFvIra2s/KKIZTkiv5YfjBo958OfFF54VuE32H34N9eTmGF+3A+4yPMueHspnkmrahDNG/lv8AP/Hv/wCeleS+MPFj+F/Dcl9ZgNcxD93v6VLq/iLLn5NifwV574ouoNWtfse//gdeVTpHvVMR7h8m6Tpvjb4xa0brxheSTLv+dVOI4/8AgFfpJ8IfgfpdrJF9rtY5GxnlekleG/BnwX9oku42TeB9x07V+inhjzbf/Q7dPKSP+OtqdPnPncVij2b4a6D4bsY0h1a2edLf7nNfSGn+LI9Ljf8AsmzeGH/er5Rt/sdxv966TSVvLWzSGxufss399/3m2t/gPn5n0hJ8ZNBsbj7Hql5suf4Nleq+Df2uvEvhnz5t8hQ4Ry4yK+CJPAusXVwZtSvILljjeE+XNdhp/wAE21S1kjtLa5tpRjY4AMdaU6hh8Z+onw5/ay+Geqas9xqVvBZzY/1qPuIrv/F/7VK6bJbW+l3cdzBL858oHzCP+2v3a/MTwzN8R/Ac39j6XbRiX+DfaE+Z/wCzUax8RvjZdahFDqlrBa2f8Hnxp5P/AJCrfnMOU/TKH9pfwvHor3WvXaWKSfwY8yT/AMcrOX9sbSYvP0nTY0mtv+fjGDX54X3wh+MfiTQzq1raQajZsC7y6WyyZ/79Vg6X4Nh8O6t/pk0kqejtzWVSsb+yZ9LeLvHWk+IL4XUiedjoHGc/WvmTxpaw/Y/tdqkUCRfwV7n4Y0H4JtH5usPq2lXMv/LdNk0f/tOsfWPhL4P17yYvA/iezv5vv+Ru8mf/AL9y1yF+1R8e2dveXcf77en+392qcmnzWsc03nbXr2bxJ8L/AB54dR/7RtZZf4E314p4mubzRWij1yzkjUvjeB8tZmZSh8Ya9o7Ga1u54k/6ZTSLWpD8UvGS2i2i6gL2KX53iu445P8A0burzu9/szUIX+yzPs/26mj0v7ds8n5/9j+9WhnznoX/AAk+j6hOmpeJNB093uPv/Y99u3/kKo9P0XwTfbIrG8vdK/66pHcL/wDHa42O1+xp5Ww/7fy1NZap9muP/ZKzH8Z6dpfw/wBe+ebQdSstcT+5BJtm/wC+Ja0rdtY0mRIdQtpYLnZv2SiuJ0/UdN3JeXHyf3K7Cy8Ya59lFotxJLF/clJeuMs6rT/O8lPN+/VyOabzKztP8SeFLqT/AImdnLYP/fs/mj/79Vp2/hu8urf+0tBv4NVt/v8A7r5W/wC/UtAHU6X5Plp9nro9Lmb/AFteerJNGqR/x/3K2I7qaPHkvsp1Khp8Z7BY3XnL52Pnq5b3XzJXD6fdTenyV1lvN+7rk5/7weyR6Fo140kfSti3P7zyWrlbG8j8z5a3oP8AWCrp++aHSaTdbpPJ/irpNL/pXH28O6uq07v+FZAdVb/dapqzmk2Mo39qX7R/tf5/Khz/ALxof//V/lDW6Vv3VbmjyVgxwzGF8p8lXNL84Knkp5r1y8i7AehWG3YjbPkrqdM+/XLaXFebUs//AEOtKzurK1uP3w2ViHOdtJa7I/NmcbK4PxJqln5fy431m3mvfao/3L/JXm+qX2pXQ/2Kr2Zmc3caxNDcNDan5P4Khm0HXte86HSbOeZ4/v7EqGOGaG4zv+f+B6ivfN1LedQmeT/fNUdBbt/A2m+Z/wAVN4k0zSvL/wBfCm+4uP8Av3F+6/8AIldt4ZvvgnosjxeT4j8Rp/tmDToJY/8AyLL/AORK81j0uGPf9lRI/wDcrcs4cRz+dVe+B7Jpd14blk834VeCdCt7yT9+n9q+feyeZ/28S+VWlN8Wv2hrdXiutVudKWVNrppcMVlH/wCS8S/3a8Thh/d+TC1eweE/ix4n0JkjLpcxQ/L5Fx0NL4AOJuvMurh7y8med/45rhyzUtxH9lk823TZ5tev2/j74Y6pvtNe8ErIlx/r7mzm8mStH+3v2b/L8m60TxHBD9z91dwSb0/7a0gPGrf/AFiTQv8AP/sV9m/s52em6O0uuePrkSWEOdlp5nlmY/79ebeD4fgH4y1iHR/h54V8UeIdYl/5YJeJ/wCP+XFX6OfAP4I+A7zXJrPx5oPhjw/NZw/aXgv7h9TuII/+ej/8u1v/ANtKn2hvTqH1x8M/2gviP8Wr7TdI+Hc1tpuj2flwImjw+Wqf9tP+etfrF8Lfgb4k/wCEbtv+Ekml02zi+/PeN5k0tfjDef8ABQr4WfDnUrbwz8B7ZL6506ePfrt/bJ5LSf3LCwi/df8AbeStiH9tTx34q1CSP4keIjN9o5TThNmT/rof4aoXtD9wp/GXwB+HDCGxvEe8/wCetnD9ouP/AAIl/dJXksvx48E2usDUvCnhJNSuZPL33mv3DzSf8AT/AFVfmz4G+KUfiPVLTR7OMtKw8iAYy0n3ei/3q+kNLl8OTag+g/af7V1i3Tf9jtj+5i/67v8A6qg2P6BfgT401D4reB4dT00/2dFN8j7IwAD3xXtcvgPR9qf2heTXE3/PeVq/En9n34qeNodafwv4Ps7jXbuFPn+zrJJBDH3/AN36191a544+J2laXDNr01np6bN/keZ50zVtRre4VT98/QKxsdD0O6W0jbL7Pv8AYV86/ETWprq8m+z/AHP79fnLqXxo8aahqs0Omz+ckf8AHKTto8O/FrxdZQva+Jpp72TbsQOcRirp1i6dPkPbPGHi7TdLsnOpO/8AwOvyp/bD+F9n4m8Op/wjcEEV1vM7kDnHl969g8bawfEF9cXGsTSvLImyAF+F+lfPnjrXLjTdLMMf39nRmwfLrhqVDooz5J88D8VPHFrcaXv03VLaXzo68f8ADGsTX039gzfO8fyfJX3J8SNL0jVo0m1ZPMn+/XxDo9rZ+HfHkN3sZIZPLT9xXnSp++fVU8VzwPtj4S6Vb+F4Y49S3u1wvn3A9K940vxF4bh1CaGxm/1X36+V9L1i7/t2a0sZneznStjRfDem6bGn2r/SPMopnlYg+utL1v8AtT/Uumz+Ot7/AISjR9Gj87Vpkr5G0P8A4TzStQT+z7/9z9zY/wDFXX6h4X1iS4hlt7n5Pvs9UeZUpn1FY/FGxsYFk8PkPLs+TzRjFXNN/aYks5JY9Xu5EeE/J9nXgyV4Pb6P5kfnfZhI/wDfrHj8L+XqiXfyR/7D/wAVAz7Z8J/txaDDa3MOvJ5yXHy7HFJqH7S3wl1SR/sc1zaXMv8ABOK8B8N+CfhT4m0v7Hql/PpmrRIfInwZF/KvQtP/AGcfB/lv/wALHh321wm3+0dO/wBJh/4HHWntJzFdHVeEvjJa6TdGTwlql3aOH89JbcmMivSYf2ntYuLqHS/GGn23iU8Oxu49s3/f+L7teAap8Bbjwrap4m8KQ22q6CUw+o6c26MfX+Ifeqazh01ZE+1b5/M+/srGoQfSEWvfDHxxJ52malc+EppE/wCPbVf31t/38irifEnhXxt4PjS81iHdaScJdxfvIz93/lp/wKvMpNsOnzXWj/6Wlv8AeT+7HVvwL8YPEXhFns9LlVrG7OyfTrseZbyfWOuemBpaX8ZvHHgvUJLTRp5UtC294iTIhP8A1z+7XYWXxa+HviSz/s3xNDLpVzK+/wA+zX5f+Bxf6qqerfD/AME/FaP+2PgrD/ZWtxf6/wANzyeZ5v8A16yfx/8AXOvl2+XUdJu3068ElnPC+J434IPvRUA+nNQ+Ftn4js31LwZbWfiK2k/5b6Ufs9wv/XSCX915teTXHw5mt7iaDQ7/AP0mP/lzv4/s83/xp6880O81LRbr+0rG5ltLn7++vf8Awp8StS8S6Oln4oe2vXj+TZdDzI//ALCo9qVzM8ektde0WN4deSe1f/bq5p99ZyXCfbrNLtP++ZFr27zrPS4f7HuLp9DSX5/sGpj7RZN/uP8AwVz+seHdB0uN5ri2fRvM/wCWsR+0WzVExU/cObk0/wAH6hv+yvc2L/wJKvnRt/20rY0vw1qTf8e1zZ3vtbSfN/3xLWPJpV5HDNdQ7buGH789ucr/AJ+aiz8ny/3P72ucuBsX3h/X9FYSa1YT23u6ECrlvdTWtx/zwlqLS9e8SabuXTbye2VgRw5x/wB8V2v/AAm11dRvLq9naaq8v3/tMfzf99x0GZm2+sXvl+Tff6Qn+3/rP+/ldhpcf27/AI8UP/bVq5uK68KzTw/aNN+wQjf/AMecnmVpaevh+H/jxmvET/bjSSs5mh2FnbTWsn+l74q6rR+/0rN0GXR9Nt/JttY+0f8ATK5t3rqtKs9Bk/5ikFpL/GHU4rnOg2NLhm8zya7C3hrHs9L/AHn72+i/dfx/8s66Szt4vJQQ3KPQZmxZyfaF/jFdJaf6ysGxtYY/+W3mVqaXIdv3/wDXUAdHD9ypax7CTy1I31ofaP8Aa/z+VAH/1v5ZfsP2XtsWp7G1hjm8vf5VW1h/eVTkmn3PD/drl513DkLn26G0jeGGaud/tDMfk79j1RvR5lxWPcSw+Y8v+sqTM6Szk3sn/LL+5TriGLT4/wBy9Yun30LSGHZRcap51n/o+ytDe6MeK7h+f/pnUNxKf+WO2sH7d/pjw/wVct5fOj8nZ/wCgZcjmm+xvu2O9TRw/arftS2f3Puf98f/AKqtxx+T/q/+WlAE0Y7QpWlH+5/g+Srvh3T7rUJpHjeO2t7RN89xP90V6Dp+teFfC8f9reGbZNVv5fM/0y8H7uL/AHIKmpU5wMLw/wDD7xZ4is31DTVS0ter3d23lxiu7ktPgz4UsX/t5LnxleQf8u1s/wBksv8Av5/rZP8ArnWPDD4u8fXURuTNcN9/5/uiux0rwT4b0GR/+E08jXLmVPns4N/kJJ/B5kv8dSRUqchu6X4y+KHirwr/AGpp+pWfw98DW77HTTIfJ8//AKYQf8tbi4/8h1T8VfEZtW0iDwf8O7JNE8PQgu9pGcyXZyP3tzJ/E3A/IelF1b+JPGupWepeKLhJlt/3AjjXakUf/PONP4RXp3h/wvo9r++hhy8X3Kj4Be2PK/CfhLxHY6hFdYkA6fSvevhj8J9Q1y/u9etL/wCyWun/AL+9u7sfuYY/+m7/AMX0+vpXvnwZ+Bfib4uakU0e3newgf8A0iWLG4j+5H/Dn/0HIr7q8P8AgL4J+DY4bz4lJ/bmmwP/AKFoWk/8g+Wb+5v/ANbqdx/00/1dIn6yjzf9mPw3r3xCa5u/ha9zpXh63f7FP4w1iPyfPj/5aJB/ci/6YW3/AG0r9GvCeqfso/APwfDo+rPLrFncf8sX+W41GT/c/gir41+Pn7WEOix/2BdeRPqun2vkWXhuw/5B+nR/8s/tUkX35f8AphH/ANta+D7zxx4q8SeJpfGXj7U/O1K8XP708Eeyfwj6UfAa+25z9wI/2wPiJ422eCfB+zw9o+/yEtNIj8jMeBw8kXX7tfWng34peF7yxt9Ha6jN43yAPJ8zGvxJttUu/hj4X/sPWtVMPiW9ije4EQwbKGXnyP8Ars3G7/nnj8W9+/Zputa8Y66f7DgniSzT53fqaPjOjD1D9JrjxppfhXXnbyftkkv8AGMSVkf8JRo8j3N5q8yfb/8An2/u189ah4om/tSaHfve3fY+yuJ1izmUvd+dLsk+T5P4qzO2B6t4w+JGn6bJA1mm+7mHyOf+WYr5D8feKJjdN+6w1x0cH/lnXodxZzapcedM/wBn/wCe/mf886+XPiN4s/tS8k8viPfsgTp8lZ85thzxP4gTeZcf9MfI2b818FeJLq8k16b+yYZUeP3r6tvLrWNajeGX/lrP/D/zzrzLXPAepeY82np9om/uVznr06hB4T8ZQ6JY+bffOAnyHuJK9+0PUIfE/h+21LT5k2S/JszXzhLoGpWtnFND9yT+D+9Vv/hHdf0vwv8A6OktvHv/AHdZnPU98+tPD91rFjefuZg6Rp8j16FHqk01mnnfI9fGfhfxRr1rss5pt/lvvr1rS/itZ2scMWsQ/wDfFa+1ZhUPedJ8RaxpZfUrH7+z7m6rf9qQ6tI+sad0k+/A/wDrIq89uPFHhu13w7/krsND1TR5LX/iXzf6z5PnpGJp2+talJInnQ7H/v13fhXUvGmhzC+0PW7mF1Q7AhyD9f8Avmub8NQ6bdXDx3D7HrqtF1D+y2/ew7KzMz6E8DfFrWI/Om0t4NG1i4TyJ90f+hXkf/POdK6jWfhzpPizSX8afDm2ktpoctqOkOxZoT/z0g9Yfm/4Dx6187/2hZ+Z9s03ypftHmfJXp3gn4l6x4T1Cx8uXKWh328hGWjHeLP91qXtH3A8Os5Jo9WfXtMvClzbv2Nd3pfh2H4hXD3nhvZFrcSf8eaD93df7cH/AE1/6Z17B8RvCPh/xNDN8QPB8P2Z+Be2gH+rk9R7V806XMzTLeaaTC8XcHBFHtH3AuWd1rmkap+7lktL2zf5H5DRzV7lD8QdH+PFkdL+JqD/AISCM7E1HP7yb3f3rHutQsfiNpb6lrzi01W3/cfb/wDpp/cn/wDjteM6hpbWOpTabqkJtbmJ/nSsvaGZ2GteB5vDszxxfv0hfZvTqPqlcrHYzQ77ewOzza9I8P69D4kS203XrnydYt/kstR3bd0f/PCf/plUMklndXH9j6wiaPqsf8b/APHu3+//AHKPiNaZT0XxPqVnYnQL+KLU7BvvW92u7/yJ/DXoei6h4PtY3k0u5vdH8/79s8f223/74/1tePaxa+JNBvJodeh2PEv36x47pb79zvf/AH6xmZHqEd74bkvHm0FzpV5v+SXy3jhl/wCAf61K1o7W8kjebxNpXyR/J9vs/wCKvDrjVb1N/nTI/wDv1r+HfFWsabNFJYzy2x5GN3BrM1qHs3hvwv8A2sv/ABJ7xLt9nyRbds3/AH7q5/wjeo2tx5N3+4euK0vUNHupIby/he1uY/8Altbf/G69N0fWPEkUbw3yJqtn/fz81Zmv2C5p+jzCNDZ/O9bGn2M1rH5N4nyVseH5YvLTy/NR5K2o7L/ns70FGLZ2NnaSJNboWeuqs4f3nnbN9U9HsPMkT+/XVWVhDH/rvuVy8n90Jmxb3Xyv9lT/AH0rpdJXd+5m/dvWDZxw+Y/at2ObyflWtuWIQNJF6w1aspvJTy4aq2/76P8A2Kmj/d3Fc4GxZvlfJmTNXvLh/wCeX61nR/fH0qzQ4f3QP//X/l9j2+X/ALdQtN5MnP8A3xVySPEn+5VT/R4nrzzQ8w1jUvstwkMNcfca9DYR/v3+fZ8nzVc1yXy7z/brz3VpPLk9fMrWnUA2JfGU3yBkT/gFFzr00m/zvuV575n7ytK387/gNaVB/Ab1vdSzbMJu/v11Wj7ZI/N/2K4+zh/eY+/XYaPD50fIpCOq0+byd6r9ytKO6+/IKzbeb/R62If9FjQbK5zOZvW815dbLOR/kr0PwuZtLjeaGGKb/fWuI0D+DHz/AO5XeWE0239ynyVoZ+1R1X9r3ktu8ML/ACSffRK0vD433DzXD/vK5WCSGT/X5SrlrcX02pxaPocE93qV5MIYLeIGQmT2rD2rMKlQ9gs9U021j86Z/wDfr6o8B/A1rjRYPi98bLqfwt4EwXt8Lm+1I9PIsoP+BfNPL+5Xj1rlfg78G/Cvg0TeO/iVDBrmt6O++ewdv+JbYyf3J5/+Xi7/AOmH+rjo1z4++PPjz8SHu/AVydV1uKCRI9fvB5dlpll/06RS/wDHvFD/AM95f+2dbU8Nzke0PsDWPHniTx79g+FekaJBo2j2/wDx5eDtOP8Ayz/v6rdfx/8APWX/AMiV4n8YP2jP7Fa4034c6kl3rzweRc67bf6izj/1T2umf3P+u9fMfxC+PUfhbQpvhr8Llu7qwu8rqniAjy59Sk/5bEfxLC27v+8/r8vax8Y101YP+EdEEUcsRnSW4T+Pmuv+zpkn0HoenzWLJZwpLbfvf737yvqP4cr4V+GWm2nxU+IlxaHUZXP/AAj9lcI2ZJYtubo/9MosEL/00x9a/N7wL4517x54wjh8YXUWneH9NsJdRvbu3byyLWLdvA/vM24R/wDAq5H4yfHDXPGnie18cfZXtrPXbKKys7KKTi3t4gohi/h+7/U1rTyv+c6adM/RPwn8ZvBOtXGpa9r1495Z6e/2ue8uT97zZP8Ax+Wv2XuPH118DfhDp2l2fl2niPxZF9tc3AMclvay7th2/wB7jH4H0r+e/wDYPm8G3niWX4p/GuRG8GfCu2/tTUwVybq9+b7FZj7v/HzMvzf9M45PSiy+O3xQ/ae+PE3jLxpJ9s1nUbneiKf3EEX/ALLGq5/WpqYGEDenU5D9vPCPjayjhS5mvElYsE+Q/wDLTHSvoSzvodQ2Q2/y/JX5p/DPxx4b1TxFNDYvH9j0d5nTe37xvK/1s+yvqLSfGmn6HpVpca9eQLNeJvUSyBd30rhqU+Q9KjU5z2y4tftUb2cvyeb9+vnXxJ8N5pGTyUSVN/8AHXsOl+Nodd2QzQ+XDIm/fXayafZzR5mSsfZM05j4n0/4a2Ol3nkzW+/+NKIPA8NrqCTW0OyaT5Hr7Aj8L2cdx/oH3pK5XUNLs4bhPk+esuc3+A+M/FHw8F9cedYw+aklTWXhPy43s7i2/cxwfJs+9X1RrGg6b9n8uNNiVyun6fCI/wB8nzxVyVKhftUfK9n8LdHtdUmmmz+7/grNuPAdnqmqTfafkSvrTUNHs5bj7ZaoE+T5K4n/AIRma13xeT/raQqlTnPE08C6x9sFrG8exk+/6H/crYi8G6xHcJ5M+xP79eqWfnWt4guN++P5K6Ty5fL8m6+5WZBx9vaXlpInz/P/AH69g1LTY9Y0G28SWMWH3/Yr2JD/AMtuxx+X6etY8VrZnZ5ib/4utdv4ZvLGOaTQZm8pNSHkD/Zk7Sf59amoP4zR+Ful/wBrNL4PmX/j9Qi3OMyfas/ux/wLdj8q2NNms5JJrP5EeT/0ZXB/2pqOg3ghk/cXlo/8HEgMRrvvihLBqC6V8TNHTFl4igD3qjkLdRfupx+gP41QjM0vxl4g8Haub61OySD5HifJB9jVLxfoenx2cPjjwXFImj3vyPEORbzf3Kx9QkhvLNNS3/PH8k//ALTrT8E+MLHSbyWz1yP7Tpt/+4uIg3/j4/3ampUHTOU8J60ulakI5mf7NMnkTp6iuq1TzrW4PgTxpN5/2b/jyv8A+6kv+r/34q5z4heCLjwbr39lSu1zaSp58FwOksdZl14ms9Q8KxaDrAP2uxP+hXCAf6n5cg/59KkRlau2seHbh1aP5j68x49qZpfjqHxhpsOi6y/76FMWk3/TP/nma0tJ1KxksIvDfiRN9mvyQPjJh/8AsfauD8QeGLjw7qRsZIUMUnzwSg5jb3H50vZGZ6RpfjS+sVHhnxPp8V1YZ2PEW/eKcjkPU15ov7s6p4Tla9tFf50QjzIx/tpXB29/eaxb/vnT7XF/5FjqbQZNe0W8h1Kxd7S5i/jQ0wNKGTzP32x99dXoOn/u/wCHfSXGn2evfvok/s2/k/78y/8AxFb8NjqGjslrdwvDKqbx71xmhbjscx/6O5/d10mkedayJ5LlHqGP95b7d9Tww75P32yNKDQ9Ns/Fk2oLFDJEkq/3+hr0/RY4Zrf76J/sT149pdrD5fnbP469I0+H7lAeyR3ml2sP+pm3xf7db0cf7zyd++sHTbqbSrfybSuks7/92kMyJWZpH4C9p9r+8/26uR/6xKo280Pz/JU0cm7/AFLvSlLnDnNK3kM0ifwfJW58v+vrnrb74rbrAy9pyFtbqGOyH1qv9uhpE+9U1Brzn//Q/mbjh/eJ89Q/YTN/rP8AllW1/wB8VJ5M0b/crzfaGPMeG+IPC80Mjn79eP6x4bmG/wA6vqjVIv3iW/z1Do+g6bNs85Ko2PiI6fL8nmVc/fWsfkyV906f8L9H1aRGt4fKWi8/Zz01dPuZZfN/v11cyLqVOc+FdPkmlkT+5XeaXN/3xXo2qfBHUrF3+1wm3f8AgrEt/COpaXJ5MiM71hOpzmNP3y7b/wCrSVq3NPh+/DD9+s3R9F1K72fZ1rvND0eby/Jh+/8Ax0zayLnhfS4bqNxN+7f/ANDrvLfwjeeWkMd5Ds/v5rO0ux+ywpD/AB10fh3wrP4yupIbeaKwtIPnuLy4O2GGPuTS+M4qh0ng74M+IPH+rxaDperWX2uQGfGeY/K25J/2fmH517Z8K/Fnwa+FOqaxpfw9ml8QXmnJ5GqeMLlfLj/69dMT/W/9ta8NvPF0OvafN8N/ha8uh+DLP59b1ifZ9ovP+un/ALSgrB8Mw6l8SvEltpvgmzistE0fzPsUM/yrFH/y0nnk/wCev/TT/gFGHw/PMinTLni7X/Hfx21qy8L+HfK07SbJC9lpYk8u1tIv455/5yyv7/SvPfiD8WNN07w7dfBv4Oy50m0In1HVB+7bUpe//bH+7Gfesfx94u0W30v/AIV78MZozpUzmfUdR5El7J8v/fEPX939a8B1DVP7F8mHTXidP7j/AMVfS06PIamxb69rGqWf9m+T8/3nm8z/AJY1m/29Z6XcQzW7v58fmeQkv+p8v/npXns11/o72hSK4/jdID97/Yr074F+Ax4y+Jln4V8SWz22n2iSXup3AAxDp9r+9nP/AI6fzFBmeneMPEmtfC/4I6L8NbzyJLnVJY9bvUDZkjtsf6Lbf7vW4b/eX0r5x03wX4k8beLrbwv4TsZLzW9XnjSytY5MkySlVA/8epvxK+Jn/CyPiDqHxG1izRri7nkMCbcYj6Qjyv8AdUflX6Jf8E9dB8O/CfQ7/wDa28TW3nXOmpeiyeX5ttrap5t1c/8Af3Zbxf7zVzmhD+2kul/Azwf4T/Ys+Fd1GF8LQDW/Gl+ACLvXbrPH+7bW/lxJ9TXmuh/8Ir8EfAM2hfEfWblPEPiKCP7bZ2Hlr9ntf9bHB/7Ulr56b4k614o1zWv2jviBPJczXlxNcadaGP8AczXcvb/rlb7hx7Ba8A0+PXvG3ii3023m8/WdYuMO5PV5f/2qzND9gPAX7QGoeF/hHY654H8jw9f69cm3gu44xPN9lg25PmS/d3Sk/ka9U8H/ALQWg6x40udO0fw3Lr+rafbSb7m8aNY4vK/6aS1+UfjXWtNufjjp+j+H2ddB8Hx/YLL/AH7OP53/AO2txvrI8M/GDxFa6Lrdvs8q51JwbgZ/22/+KNYVKfOddOof0c+Efj7eMLe11DUoJHZBv+zjivqjwn8adN168h8N6Pc/a3j8vz/kr+dH4M/EDWJNGgOsak9pYR/ftra3TzGr9Sv2dfjV4Y8XeJLiz0NHtvscUbuZH8yQx/L18r+KvNqYbkOqnUP1wt9UPmf9dKy9Q0+G8ufOrzHw/wCI4dUk8jenm/3K9JstU85d0lckzT2nOUpNL3Rv5yB3ryu4tZrW4m+Tyv8Abr1r7dvdOtU7zybqP959ys5l855bZxeXv85N9SfZv9I+5xXYSWNnNH9z56zYbX7LXGEDlY7Ly5Hhm+5Wb/YvmyYP3K7HjzP9isy4/jiH36AMGT/RZE8uobeTfJ9k+55tB+6/3v8AgFY9xLmRP78X8FBr7Vnp3xAs5ry+sPFloPLh1azinfv+8xiT/wAiqa3vAscfib4c+K/B9589zYxf29pwIJAktgsU4/78sT/2zrlbe+/tn4ZRSMP3mk3vz+0V0v8A8dSs34c+KW8H/ELTdWmBFv53kTFSBmK63RP/AOhH8qDKBg+CPE1vb3Bt7pDc6bd5RwT0SWsfVrb7Drl1Z7X3Wj7E/wBr3rOvPDepeF/FepeG9SBX7DcSQfP1/dP1/wDHa3fFmlw6p4btvHkMzxXOjv8AZb3/AGoZfuSUBA9I0PxlDr3wxvNH8WPv/wCEb/fpL/06yv5X/kKWvDbhoZN8ML70++ld78F7631/xlf+D7x90PiTTLrTvLJxGTs80f8AoFee6PY+dp6We/ynt0+SszWmTR3kNjH/AKd/qf43etHT/Hmj/wBnzaDdTfa7P+F0/wCWUlY8Mc11I/nJ88lcTq3g+bToTrGl7wF+TZ0xQZHrWlzaf4fvPLvnzFMvnwXCH5HjrsPtWj22oeVazC4ST50rwfwmuoQ2cnh3WbZ5rB/nePcPl/6aJ/tV7D/whlxZxpdaZOlzazJvWXuPaszQ9Bt7izuNkOz5K9C02/N1ZvpF9CLuz2AYfkqP9j+7Xlnh/RdYtdk3k16/ocIjkU7N9ZzA3rfw7aahG82gum+P/lh/FWxp+i/apPJmT546nsdP+xnzrb5Pkrr9P1SE26R6sju//PWsx+1Zm2On+XG8KjD12Gn2sMMfq9EVr8nnffSj/phQbnQW9r8n+3Uknk76zY9v+u/jret5If3dZmVSmRaf527919yupt4Zo/vVTs4f3aVpWX3jQa8hcs5P3bw1et/4apaevk2/k/wUkcnl/wAdZmfskbMG3Z+5qX97WRZjyo/v1c85v79ZmnIf/9H+a3/WfWrnO/79Q7P3aec6VNHamRa8s5ypcQ7tnnd6pxx5b7nz1LfcIZpk8r56zfOhmt/9v61p8AHVeH/EkOl3CfP5qfWvWtP+K32WTyrqH56+afsf7v79H7n58p5rx1HtWZnvWseL9N1qN/OQb/8Abrh7ix0e6s3mribOb7LJ52z5I6WTWBF/B89WVTJY9tonkxvsqGO+hQ/7H9/+7XN/af8ASPv8Vb8kXEdZlHb6XNDqEiTXj7E+vzUaxqmpePN+j22zStHh8ud0+7BFH/z0f+/LXN283/LGFKi1K486T+xdGAjizs3/APPSTjr+VaU/fA0bWLUviXqFr4T8N2f+jWb7xsGC3qT+ldh8UfFlj4f8J2Hwy+G7eVZAefe3AHzXcnv/ANMvm/QelXNc1DSfAfgkeB/B9z515eEPqeoocGb737tP+mXzH/erw7xdJeeZN9pR5bnyN3yfN/wCvosDhftgY0trDbxgzTb/AC/v7F/d15jr1rZHUIbOGaX96knz/wB2uquNU0260sf2d5sLypvT/rpXHrcXVxZ3FnqV3i1x5+x/+WknoK6iuZGDJa3kVl/aVr5EPlPstET73+/XoXhu/n8KfCfxn4wsXuftmseT4annmk3bvtP+kT/+Qk/8erzO41BdUjf9yn2mf7ibv9VHFXd+LpP7F+AfhrwjG0gttUvbjWmGes3/AB7j/wBFH86zmSeVeFfDHir4leNNM8MaCEm1XWJ49Os0xj/W7ef/AB6v0a+MV9pa/BJPh54Rvns/D097/wAI956H93/ZGj/6+5/7edQd/wDrptr5f/Ztsdc06+8R/FazeO5vNN077FpiKCSdQ1H/AEeAD/d3Syf9s6r/ALU3iGz0nxBZ/Bvw3cEWPhSwt9EuQJMia6i3G5f/AL/OfyqKlM0PnXxh4sk1a8Sz0uJ7bTbMeVp1v0/d+/8AtV0nwrum8M6brXxCZo1msoPIs3AyRdT/ALrO3/rl5tcHp6z6Lqj/ACfvv/Qa7bx1d22g+H9F+H9nt2aShubuT/npdXP/AMai2R/gayNOc4/w3HZWsd3qXk+c+MQJnke9b2kahNa2b2cLi2e8n3zvtrjzeTLows8H7VLPv37v+Wez7lU7L7RJH9x9n3P+2lL2QHoeleJNeun8mK5ijsP495/eNX6J/Bv4tQ+D/C8Pg7UNYTQrCJPMksrOPy/3f9+ef/nrX5p6f5Ol+TdzQ+df/wAG/wCbyv8AtnX1F8J/Aej+IpIdY8T/APHn/wAt5dWl+Vf9yCKuQunUP22/Z3/aE8O+ItQtrHwrY3N7Dd52XZOI/Lr9JtHvfttul5H/AMtK/Lv4QeNPhPZ6pCfB83nxSjY+oqhjjFfdfwx8a+HdcuJjpd2l5tQEPEcivLre4d9OpznuUUXl1SuN3/LGtK3BmjQ1T8nl/wDlpXGXT98zY4/L2TQuap3EbfJNW9HH/wA8f8/rUdxDD8/k1FQs5OTtWDJ/rH837ldVdQ+W3k1gx2v2m429ErnqUwMHyf3dchcZEjrsr0280/8Ad+cf+WVcTcWf3/3PyUjWmdJ4P/feHvEdmHXaLMTkf9cpE/xrg9U/fWb+T9+L569U+H8c2n3l/DvT/TLKaCuD+wSWrJzsFBHMzsPixHbzfESTxJaIxi1i0tdRQOc482BM1m+EZLWPUH03UhnT9SQ2VwOP9XKOv+fWuq8VLa3Oj+GtSPPn6Zsc/wC3E7xf+y1x8fktG8NBR4/4R87wD4/g1DWEcPpd4PPT/rkf/sa9C0uHTdUuJvsb/P8A7dY/xQhbWobPxRDxLcLsuD2MkWKq6J50P76LY6SVjTA9BuNFm8xJJk+T+Ordv/o8ieSm9P7j1U0zWry6097PUtn+xUtvFLHIm37lbGZpR6PoN5/qYfs7ypsre8PxxaXef2bdf8e0nybHrNtbGK6j8lUesGTQdX8x5pn8xK5zo+M9/so4bVE+zpth/v1r2NrH5n+in/vivm/w/wCKPEFrceTHLvwefNOa+hND8RaTqkP2Xf5Nxx+6bp+FKpT5DM6q3kvPL/cv5VdJb+TXnsevWdncJFK9bEHjLTYZDDsfZ/frAD06zu5rWPpWwt1FJ/rkrz2PxFDdO/2VPkrpNP1A+Wf79aQNPZI6q3t5PLfyfn/3KuWcP7x8Vm2d1+78n+P+/Wxa+cv+3WZpzl2zk8nZVu3ut0eQlZ/7nbUlvH9zigy9pzm9bzbaP+WjzCs3SpvLX/Yq7Y/vP9dWfIa85bjl8tcTJT/tUP8Acqt/q6PM+tHIVys//9L+a3zvuQzPRH5Mcb8psrNuLz7Lv+f564u41+G12+c3z15ZznYahfQ2tukNYtvqH2q3SaF/krzG41qWRPOh+aix1q8+z+TF9ygrmR6R9qhMj/P+NQ3F9DD/AL9ci0l3/ty1J++mx5VKRhOnyGlJdbtnznNTr/rk877lc1YyXl03+p8xK2NHj1J4/tiw0w+A3rPzo3ebfU0cnl8w1m6eLz5PKQvTv9Mhkfzk+egZteZ+7T56vaPpcNp52vXzo/lp+4R/4qufDvQNN8SXjza9/wAeFu/7/msf+1LPVrh7PTPKSH/ljXs4HC/bma1CbzrOTOpXzh/s/wDBurzGS+h1TXns9QmeS28/7n/tOtLVLXzrz+wraZHTZvnf/lmlce1rZyC5mt/k/cfJs/56V7V0Z/AU9Q1DTd6S2/m2k1m3kTv/ANM64k281rqkM2uI175T/wCiQf8ATP8Av12Mlrpuoaol5cvL+/T9xs/im/26zLia81RE/wBJn3yv5c9y/wD6BUFnOa5o+paf9vhsZhK8X7+fZ/zzr0H4rNcK3h3TdJuZ1ez0O2ayLjAMcu9z/wChVysnnWujvz5cMXyJEi/vHrtvihFpNrfWGsSPeb7PS4bKb/f8j+CgnnXc+gPgPJ4T8O+APA3hXVk3za1rd14w1e5YSL/xL9Jj8pE/2/OlR6+H/GFxp/ijxZrPjLWLDyZPEDyXsEaSZEMkrsf6mvt7x+upeD/Duq2d1c+S/hTwVpnh6ySKP7smp/vZJP8Ax96+A9P0WH7HNZxIH+x/6+5c/vG/3KzNJHSeA9L0WyM3iDUvPbT7KCR53A/1kv8AyxiH+9KR+tcHqGqalqlwk1/EPtMf8GK9O1iKTS/DdnoOj+dJc2f79P8Arp/frz1UM2ovNeXn2q6ufnuCO3NV7PnKgcfHa/vPIk+d/vu9Efk+Yk02+NP+WddBJa+ZGf3KIkfybN37xqo+V9gZ/tTv9s/uJ/q1rjqB7VDrLVIbXzo9Nh/0m4/5bv8Aw1as/GGvCTzrp5Zof++awreGHzJpIXR6gjaGGdJt/kv/ALZrE0pyP0C+FlprHxH0eztPE2th/s86QQWyN+7/AO29fvP8Gde8I+B/D9vo9pFH5+z9/Cn3vM/56Ef5/Sv5svhXpfju414aD4buHe/mQsgVsDoelftd+yveat4V8N2ujeMIpINb3l7xCQzD/wBl9K48RTOiB+nXhrxdeXUaReT89ekaXF5kfnXHWvIPCn2N0e81T9ymz5N9ey6XdbrdIYXry6lI7adQuWUP2rft+5UMkP7urlvEF3ww/frSktf+WM3/ACzrMuBwdxpPSaX79QyWvl10lxH+7rN8nyo/LaswOcuIfLV/PripbX7VIn9yvRry1/0d65v+yppLjyYfuVzgTeBbX+z9Um8597xQSJXN31rjf53NehaZpcNqk0214nuUrB1TSvJm8kf+OVNSmaSkTSQ/avA+gw7Pnje6g/3I/Mjrlby1+yyfvl3pXpFtMsfg+2hCfJb6jJ/372Vzd5pf2iPzoaozOJvdLvfFHhvUvB8Q/fXHl38H/XS1rx/wvqln4cgez1j5Jq+hNLh+w6pbXn/PN/4K8p+IngO8+0alFs8j+NKAPStP0vTdS0+GaF12XH8afNXSWenzW0n7lA/+xXyl8LfEmqeGZJbfVJitnM3yccCSvr/w3qmmyRpFNMjvJ92g1pmxaR/u/uV0+n2tnJshuvuVBZ2/+x8la1nD9yufnEcfceF9Fj1B/wDRlR6m/wCEEhuo4ZoXeKb/AGK9K0+P/YrQsrfy2/c/w1nM0gcHHov75LO6R/O/v1pWfheH5/O+dK7zE0X+uq5ZzQ/Z3+2J88tZmZg6fpem2v8Aqa7DS7WHd5OyprPT7Py/Jh+5Vy3tYdz/AD1oBsR+Zt8n/nnWlo/73FZtiP3fnedU0c0y/wAdBoaFWLeX94/nVm/wfhU0feszMuf6l60tLl85E/v1l/3/ADfu1Yi/dyJuoH7VmxB/x6JTqbBdY9vwqz9sH979KBH/0/5R77XvOkf5/nrH/fXUjjf89ZFlH9l/j31SuNU8riGvN9mc5seT+88mF62NChh/5Yp/BXm9nqHmRpDN8j/7dbUU15Dv+xvVAevafDpoj8sP+FdVo+m2clykM33K+b4NYu7V38753j+5/tV0ln8QbyFMzfI9T7MnkXY+pNH8L6bGz3kSb3+tbF99j8sed9+vF/Dfij+0Lf7/AM8VaVtq15efvpn+iVJJ0lxHZyW/mWI+7U2j+H/+Em1aPS7UZMv38dqx7f8AeyJx8/8Acr2CQ33hHwa00f8Ao1zd/wDLVDh67cLCdR+zKpnm/jCTT9D09dB0d/3YTe/qa8at5vsln913eVPk/wDsK6/WrX7DZpNv8p5E8uvN7PyrW6QXFzLs/eQI9fT06fJDkKKOoa0LPHSd4/n2Iu1WrJs4f3LyDyksLf533/L5vm/wVvXmg2k2j/bIZtj7Nj7/AOCsK30n+1r57VXG4QSP8/pFtrQn2nIQQSWVqst5avLO9v8AI7ufux/7FLcXVnDD/Y9nc/8AHu+/yNv/ACz/AOej1Z86Ga8T+z9nk/6h0p2nyf2XbzfYbby4ZU8i5ng/5a/9M65yjm9V0/7VZ3P2FH8nyPPef/V7q9I+LGk/23qCf2Xpzp9s0aG9ttkn3pPI+eSub1D/AISRrez1LVvsz/Z/9ETTnf8AfxQ/89HqbxBrMP8Awh2j3mlxy3H2NPsk95n/AJY+Z/q0rPnJ9pzn058aI7LVY/EkV9f+RZ+IP7I8i5nf/lpa2SfJXwrp/wDaUdwvinUbOOCaR5IERP4Y/wC/X058fNamt/h3omsWc08UOqXcN7ZI/wDc+ypF89fIlxqkl1J/rv3Nx/r/APZoNoE9vZTW0dzNv/1n/Ld/+edU7jzrOzfTYU2QyPv+RPmaSqcd99qt7a71ZPKsI32+RWaupTfJNj99F86J/ej/ANup5gLlvFC0kfnIlw/3cv8Au9tcfJ+6kfdv2N9+dP4quW91vPled/t/7tQxtD/Z/wBs3onmfwJ/rGrOoTzIzYv9W/8Acj+5WpoP/CN/bEk1yznvV/jCTba57zhcR1Pb/wCr+4f9+uUun759a/D/AOOniTw6403QodK8OW2yOBNkfnT+X/7PX6//ALOP7RWqR+FZ/wDhJEl1Q28mye7dcDPoK/E/4S6V448VY/sJYNP+ynH2vaC2P9zvX7P/ALPuj/DHSrFW0Ev4jv5H8q4uDN+7En/XCL91UP8AhnRT9w++/D/i6LxJIl5pP7pP9s19C+E9Q/0PyRNveSviCK+1K11CbTfFEyb5f9RZ2H+ri/6Z19LeCdTvLy88uOLy/m+dP+mdeRWpnbTPqLw/DDNI80tb32L7Va/vk+eub8PyeVbvufzPMrsI/wB51rlKOVfT/lrHkh/77r0KSHzN9YMen/vH8n79RTNDibiEeY/nVg2FptuPJNd9eWMDRua5mO1vE31nUphyGlZw/ux5P3K5zUIfJk/266OW1+4N/wA9Zslr/aEPkzVkBj6fJ/xI9Ss/4P3c9TRr/oabU+eptLtYY7e/s2+epvJ863oA5WX7/nQ/frq9Y0mGa1Sa6TzUlTZXNSRzR/vtn+sr07R7XzPD7w3CY/joA+ObjQZtL8SJHL9yT/lh/wCz16dbaXqUapNYw/6r7myofiDo/wBn1Sw1bjYP3T+3+ea9y8N2tnqmnouz/bSg6IGF4f1OafZDdffr0PT4f+WM2/8A4DTbfRbO1kTzk2PWlpcc0ny/+P1mZk2l2snyTWv34/4K6WOGHy/3z/PWBbzfZbj979yugiuIX/cxbKmoBct9L/d/f3vUlnp8f/AKNLu5t6TQvW9FJDN++2fPXKAW9rD8nz1sRzN/crHmj8v99Ucd1NDH5MNae1QG5H5dr/qamj/fR7YayLe+h/1N19+qU2oTWv8Aqfv/AO1WYHSL/wB+6uW83pXHx3U3mJxR/bUNrt86gDvLO1+1SJ89XL2zh0n/AFz/AD15vZ3XmP8A7Fb1v9s8sffoA2FuvJ4p39oVX0/771qUAf/U/j7vrjyVfyRiqNjDN5n36k1H7r1LY/frzzM57Vh9ij8+PrUel61exs4mb/vjipPEf/HpWJa/fetAN+21SQ3QhxxF0roGtoFtxPINxribT/j/AHrvJv8AjwFZmr/hmt4Nu5FuJoO1e6aUmLuZO0PSvAPB/wDx/TV9B6X/AMft5U1DnpnqXw7gSy02+16T5/sn3VrzXXvEmqajqts18+XU4QjtXqPg3/kStZrxDVP+Qta/79fS5T/CEZOoavJ4lvzLc7ibg9CeBVDTbbT5NStbXVFedSY5uveq2k/8fdt9as2n/IbtP+uSV6f2B0zq5tAvf7QmFvMiWOlTj5MfO3m9eeleb6zFBpOvzXE6B40uN2xeK90bpr//AF3hrw7xv/yErj/rtXKI5+0/4mQbf8kM975LIP7npWTpOvz6pNLHb5hhtJ82iD/2p6/hWtoX/HvF/wBhKuI8Hf6yX/rrQOoaT6dNr95BfvMY5dQcpMV7iLpWiL7w7qHhDT7xLNglpcTRIpPapdB/5hX/AF2mrldJ/wCSfw/9fs1ZmFM+gvjzZ6hd/s2/C3xD5/8Ax+xGKUn75EU3kDn/AK58V8UwzTSXkvhuHCQxfNI/8TV92fGv/k0T4Rf9tf8A0rr4Qsf+Rsvf92szqFupmukl1C7+5D/q0TjFULFZ1AuY3wxfyfwq1L/yBrmo7H/j2X/r5qahpAwnH2HUWt3+cRdKLax3RIYzs57Uuq/8hmar9l/qV+tSZnMp/osPmx9aktzcQ3Hyv/Bmo5v+PSp0/wCPj/tnXOB6l4G8Yebroi1pH8vkZtjsbj3r9bvgP4u+G/wm062uvCdhebtYk8v96UO1/T/rn7da/Fjwn/yHV+rV+oPhP/kCeGv+v6szoP2A+Fmkx6zZpeXmDJcy7c+lfVGl6fDpAS7+/wC1fN/wV/5Bdj/18V9Pz/8AHkleZW/iHVhz1fwhNDKSWT5V7V6lZEhI8V5F4K+7JXrtl9yOuI0pi2/OLf8AhqK1iMdunNS2v+uFLD/x7pWZsc/fSqtu6Ba5DTJleTkV1F//AKt64/SP9YKAO4k0+ExuK5W6s41ieXvXcv8AceuRvP8Aj2eswMLS7O4kjn+0sj/hW1fWccC5XvUOmf6uetLVfuLXLUCByOo263Nr5k3K+lXPC7fJPZfw26cVHd/8g6neF/8Aj6v/APcqjQxfE9hZa3o76ddA7DWp8P7o2umeVLlxt2r7VUvv9Q1J4O/48PxoNIHt2nqJo0hXgVFc2G6H9222p9H+8lWpf9TQRT+M5e6+95f8R71paPbG0vPMjPy+lZt1/wAfIrdsf9dXOI3tORd1W1laOPiq2ndalb/V0AaKX8trBmP7vpWUjfZ/mSp5v+Paq0v3K0mBNZuYfu10H9iW8kH2g/ernIetd7F/x4VmBgxWsKLwKs28Vj5sH7kfLSJ92kt/9dHQBtaVZWcq/Im2pYWgik+VKfonQ1WX/WVpAC55J8sc0zyG9atj/Vim0Gh//9k=\" contenteditable=\"false\"><br></p>',9,'test',2,'2025-09-30 15:44:38'),(3,'정렬 테스트','<p>정렬 테스트</p>',0,'tester1',0,'2025-09-30 17:30:47');
/*!40000 ALTER TABLE `tip_board` ENABLE KEYS */;
UNLOCK TABLES;

--
-- Table structure for table `tip_board_comments`
--

DROP TABLE IF EXISTS `tip_board_comments`;
/*!40101 SET @saved_cs_client     = @@character_set_client */;
/*!50503 SET character_set_client = utf8mb4 */;
CREATE TABLE `tip_board_comments` (
  `tbc_idx` int(11) NOT NULL AUTO_INCREMENT COMMENT '팁게시판 댓글 인덱스',
  `user_id` varchar(100) NOT NULL COMMENT '작성자',
  `tbc_comments` varchar(100) NOT NULL COMMENT '팁 게시판 댓글',
  `tb_idx` int(11) NOT NULL COMMENT '팁게시판 인덱스',
  PRIMARY KEY (`tbc_idx`),
  KEY `user_id` (`user_id`),
  KEY `tb_idx` (`tb_idx`),
  CONSTRAINT `tip_board_comments_ibfk_1` FOREIGN KEY (`user_id`) REFERENCES `users` (`user_id`),
  CONSTRAINT `tip_board_comments_ibfk_2` FOREIGN KEY (`tb_idx`) REFERENCES `tip_board` (`tb_idx`) ON DELETE CASCADE
) ENGINE=InnoDB AUTO_INCREMENT=12 DEFAULT CHARSET=utf8;
/*!40101 SET character_set_client = @saved_cs_client */;

--
-- Dumping data for table `tip_board_comments`
--

LOCK TABLES `tip_board_comments` WRITE;
/*!40000 ALTER TABLE `tip_board_comments` DISABLE KEYS */;
INSERT INTO `tip_board_comments` VALUES (1,'test','많은 관심 부탁드려요!',1),(2,'test','good',1),(3,'test','test',1),(4,'test','test',1),(5,'test','test',1),(6,'test','테스트',1),(7,'test','ㄴㅇㅁㄴㅇ',1),(8,'test','11',1),(9,'test','22',1),(10,'test','33',1),(11,'test','댓글 테스트입니다',2);
/*!40000 ALTER TABLE `tip_board_comments` ENABLE KEYS */;
UNLOCK TABLES;

--
-- Table structure for table `user_profile`
--

DROP TABLE IF EXISTS `user_profile`;
/*!40101 SET @saved_cs_client     = @@character_set_client */;
/*!50503 SET character_set_client = utf8mb4 */;
CREATE TABLE `user_profile` (
  `user_profile_idx` int(11) NOT NULL AUTO_INCREMENT COMMENT '유저 정보 인덱스',
  `user_id` varchar(100) NOT NULL COMMENT '유저 아이디',
  `user_position` varchar(100) NOT NULL COMMENT '유저 직군',
  `user_introduction` varchar(100) NOT NULL COMMENT '유저 소개글',
  `profile_img` varchar(300) DEFAULT NULL,
  `user_site` varchar(100) DEFAULT NULL,
  `user_music` varchar(100) DEFAULT NULL,
  `user_portfolio` mediumtext,
  `user_tag1` varchar(255) DEFAULT NULL,
  `user_tag2` varchar(255) DEFAULT NULL,
  `user_tag3` varchar(255) DEFAULT NULL,
  PRIMARY KEY (`user_profile_idx`),
  KEY `user_id` (`user_id`),
  CONSTRAINT `user_profile_ibfk_1` FOREIGN KEY (`user_id`) REFERENCES `users` (`user_id`)
) ENGINE=InnoDB AUTO_INCREMENT=19 DEFAULT CHARSET=utf8;
/*!40101 SET character_set_client = @saved_cs_client */;

--
-- Dumping data for table `user_profile`
--

LOCK TABLES `user_profile` WRITE;
/*!40000 ALTER TABLE `user_profile` DISABLE KEYS */;
INSERT INTO `user_profile` VALUES (1,'test','작곡가 겸 연주자','뭐 이것저것 두루두루 가능합니다.','02b6d6c0-5379-4e70-a47c-eb36c582f4ce','https://www.naver.com/','ff3c043c-a589-4de8-a60a-0a5b33fdc634','<p>잘 부탁해요</p>',NULL,NULL,NULL),(2,'test','작곡가 겸 연주자','뭐 이것저것 두루두루 가능합니다.','7584c677-c3c9-47fe-9740-7927d8f8a96f','https://www.naver.com/','bd3475f8-6339-4b6e-9bf1-8b4b05f39b87','<p>잘 부탁해요</p>',NULL,NULL,NULL),(3,'test','작곡가 겸 연주자','그냥 두루두루 합니다','ccaae42c-b574-4baa-bd22-a0d6d4613b87','https://www.naver.com/','aed14a10-503f-46fa-8ff3-27678339f21e','<p>잘 부탁해요</p>',NULL,NULL,NULL),(4,'test','작곡가 겸 연주자','그냥 두루두루 합니다','f6b91625-009a-4f9e-978f-b661adf17af2','https://www.naver.com/','23fc6db0-7091-41a4-ad38-d9782ebcf4ef','<p>잘 부탁해요</p>',NULL,NULL,NULL),(5,'test','작곡가 겸 연주자','그냥 두루두루 합니다','76fc7f61-37c5-437f-ab2d-18dae302e72c','https://www.naver.com/','4159c8d6-410b-4d67-8982-e12fac8bca3b','<p>잘 부탁해요</p>',NULL,NULL,NULL),(6,'test','','두루두루 가능합니다','8c5f7be3-2107-4e20-bd00-08e8a923bf79','https://www.naver.com/','ffeef8d0-6b0f-4028-b40c-2d4af339f6b9','<p>많관부</p>',NULL,NULL,NULL),(7,'test','','두루두루 가능합니다','410ee9ff-0da6-49b4-b64e-985b98dbd77c','https://www.naver.com/','906442f7-ea17-4cb0-8b9f-c8a731d22532','<p>많관부</p>',NULL,NULL,NULL),(8,'test','','두루두루 가능합니다','e0cda37d-e957-45ed-a8ee-64891f17d883','https://www.naver.com/','98b1dcac-7626-4121-9844-b07dbf75189e','<p>많관부</p>',NULL,NULL,NULL),(9,'test','','두루두루 가능합니다','643eced2-d15e-4f46-89cd-3ad97537421e','https://www.naver.com/','efb5e182-8540-4a51-b76d-883a9083efac','<p>많관부</p>',NULL,NULL,NULL),(10,'test','','두루두루 가능합니다','37a1718d-e477-4c78-b4e0-03f203b26c85','https://www.naver.com/','a4c43399-1bbb-4f5d-8821-8afe4982e924','<p>많관부</p>',NULL,NULL,NULL),(11,'test','','두루두루 가능합니다','48a947fe-af6e-4767-a31b-6f3671576099','https://www.naver.com/','2659831f-30b5-4c4f-9678-43e51999f599','<p>많관부</p>',NULL,NULL,NULL),(12,'test','','두루두루 가능합니다','4b70620d-09e8-495b-9d42-d93a16b28573','https://www.naver.com/','98d9d40b-eac8-4be5-b4cd-3979972edf13','<p>많관부</p>',NULL,NULL,NULL),(13,'test','작곡가 겸 연주자','두루두루 합니다','949a654d-ba96-4445-bcd9-b54b0a6a5694','https://www.naver.com/','22cdb050-a637-4e90-84b4-388a720ceba9','<p>많관부</p>',NULL,NULL,NULL),(14,'test','작곡가 겸 연주자','두루두루 합니다','214fd580-5ea8-417a-8a94-705d7e51866e','https://www.naver.com/','ffff3b5c-16e6-4262-bc42-88eb406201ab','<p>많관부</p>','보컬','드럼','어쿠스틱 기타'),(15,'tester1','작곡가 겸 연주자','그냥 한량입니다.','27367a73-22e7-47c8-b515-8c524707bb05','www.naver.com','f0a6cce2-e648-41a9-be91-fcd6dc569b81','<p>잘부탁드려요</p>','베이스',NULL,NULL),(16,'aaa123','작곡가','잘부탁해요','d09204e2-d237-4c84-88c9-5bb954135f10','//','6466a926-1fa5-484f-a5e5-4905d74f2ca4','<p>ㅎㅎ</p>','베이스','드럼','보컬'),(17,'asd123','연주자','rr','21b4670f-8fd2-4166-aab0-d82d9f0537b6','//','9e1fc981-faa0-4497-a59e-50d27251410b','<p>rrrr</p>','보컬',NULL,NULL),(18,'abc123','작곡가 겸 연주자','ㄱㄱㄱㄱ','6f445fc4-063e-41c7-b6d2-84edf08000df','//','c23c88a7-bdff-4346-9671-90fcbd806151','<p>ㄱㄱㄱㄱ</p>','베이스',NULL,NULL);
/*!40000 ALTER TABLE `user_profile` ENABLE KEYS */;
UNLOCK TABLES;

--
-- Table structure for table `user_review`
--

DROP TABLE IF EXISTS `user_review`;
/*!40101 SET @saved_cs_client     = @@character_set_client */;
/*!50503 SET character_set_client = utf8mb4 */;
CREATE TABLE `user_review` (
  `user_review_idx` int(11) NOT NULL AUTO_INCREMENT COMMENT '유저 정보 인덱스',
  `content` varchar(500) NOT NULL COMMENT '컨텐츠',
  `user_id` varchar(100) NOT NULL COMMENT '유저 리뷰',
  PRIMARY KEY (`user_review_idx`),
  KEY `user_id` (`user_id`),
  CONSTRAINT `user_review_ibfk_1` FOREIGN KEY (`user_id`) REFERENCES `users` (`user_id`)
) ENGINE=InnoDB DEFAULT CHARSET=utf8;
/*!40101 SET character_set_client = @saved_cs_client */;

--
-- Dumping data for table `user_review`
--

LOCK TABLES `user_review` WRITE;
/*!40000 ALTER TABLE `user_review` DISABLE KEYS */;
/*!40000 ALTER TABLE `user_review` ENABLE KEYS */;
UNLOCK TABLES;

--
-- Table structure for table `user_tag`
--

DROP TABLE IF EXISTS `user_tag`;
/*!40101 SET @saved_cs_client     = @@character_set_client */;
/*!50503 SET character_set_client = utf8mb4 */;
CREATE TABLE `user_tag` (
  `tag_idx` int(11) NOT NULL AUTO_INCREMENT COMMENT '태그 인덱스',
  `tag` varchar(100) DEFAULT 'null' COMMENT '태그',
  `user_profile_idx` int(11) NOT NULL COMMENT '유저 아이디',
  PRIMARY KEY (`tag_idx`),
  KEY `user_profile_idx` (`user_profile_idx`),
  CONSTRAINT `user_tag_ibfk_1` FOREIGN KEY (`user_profile_idx`) REFERENCES `user_profile` (`user_profile_idx`)
) ENGINE=InnoDB AUTO_INCREMENT=16 DEFAULT CHARSET=utf8;
/*!40101 SET character_set_client = @saved_cs_client */;

--
-- Dumping data for table `user_tag`
--

LOCK TABLES `user_tag` WRITE;
/*!40000 ALTER TABLE `user_tag` DISABLE KEYS */;
INSERT INTO `user_tag` VALUES (1,'보컬',12),(2,'드럼',12),(3,'어쿠스틱 기타',12),(4,'보컬',13),(5,'드럼',13),(6,'어쿠스틱 기타',13),(7,'보컬',14),(8,'드럼',14),(9,'어쿠스틱 기타',14),(10,'베이스',15),(11,'베이스',16),(12,'드럼',16),(13,'보컬',16),(14,'보컬',17),(15,'베이스',18);
/*!40000 ALTER TABLE `user_tag` ENABLE KEYS */;
UNLOCK TABLES;

--
-- Table structure for table `users`
--

DROP TABLE IF EXISTS `users`;
/*!40101 SET @saved_cs_client     = @@character_set_client */;
/*!50503 SET character_set_client = utf8mb4 */;
CREATE TABLE `users` (
  `user_id` varchar(100) NOT NULL COMMENT '유저 아이디',
  `user_password` varchar(100) DEFAULT NULL,
  `user_name` varchar(100) NOT NULL COMMENT '유저 이름',
  `user_phone_number` varchar(20) NOT NULL COMMENT '핸드폰 번호',
  `user_email` varchar(50) NOT NULL COMMENT '이메일',
  `user_point` int(100) NOT NULL DEFAULT '0' COMMENT '유저 포인트',
  `user_halted` tinyint(1) DEFAULT '0' COMMENT '정지 여부',
  `report_count` int(11) NOT NULL DEFAULT '0' COMMENT '신고 횟수',
  PRIMARY KEY (`user_id`)
) ENGINE=InnoDB DEFAULT CHARSET=utf8;
/*!40101 SET character_set_client = @saved_cs_client */;

--
-- Dumping data for table `users`
--

LOCK TABLES `users` WRITE;
/*!40000 ALTER TABLE `users` DISABLE KEYS */;
INSERT INTO `users` VALUES ('aaa123','$2a$10$yJN9KkEnSBQtU54K2q85uOEcLGYzoci0RZycBhE9ILGn5BI1jjpGK','abc','010-7890-0987','choara1026@gmail.com',6500,0,0),('abc123','$2a$10$OG09AerFNlneKfKrodnIh.bOVv6xDXqpPLkVxdGyMMaUujEb/cPE6','abc','010-1423-1421','mabu3809@gmail.com',4000,0,0),('admin','$2a$10$5ugqPLjBbCiPmlrLPRXCj.Z0z0Qk1WPPZBrn1tStSsaazALAYqe5a','Admin','010-1111-1111','deepin3809@gmail.com',0,0,0),('asd123','$2a$10$5ygRg0raFszAAwWLorVP9eA/.hZr.BnymhN5mPkzo2gdOjffgfozu','asd','010-9897-6786','car3809@naver.com',2000,0,0),('guest','$2a$10$ZRkyg9xfuXhTS1iiRTj1d.1MEOsRdhMQr1aFCZaBtUy3d5ABbYu66','Guest','010-1111-1111','guest1234@naver.com',1000,0,0),('guest1','$2a$10$EkRNYAE2YNfPcE9Yto.6wOW1Sbl.vob6r.Ryb2S6x46/ar/P8gaBu','Guest1','010-2222-2222','guest1234@naver.com',1000,0,0),('test','$2a$10$iq1eZ6C86NBZ0VbRoZYV.eGeDPPZfcl9Lfj0QoXFlMeoa1VSq.iLS','tester','010-7777-7777','c_cc__126@naver.com',14000,0,0),('tester1','$2a$10$Pl1xOeTYmXU.sRimUARCreeH/QL5aGsx.8XxbgxK6fHTUhA.tG2DK','tester1','010-1212-2323','choara1026@gmail.com',12000,0,0);
/*!40000 ALTER TABLE `users` ENABLE KEYS */;
UNLOCK TABLES;
/*!40103 SET TIME_ZONE=@OLD_TIME_ZONE */;

/*!40101 SET SQL_MODE=@OLD_SQL_MODE */;
/*!40014 SET FOREIGN_KEY_CHECKS=@OLD_FOREIGN_KEY_CHECKS */;
/*!40014 SET UNIQUE_CHECKS=@OLD_UNIQUE_CHECKS */;
/*!40101 SET CHARACTER_SET_CLIENT=@OLD_CHARACTER_SET_CLIENT */;
/*!40101 SET CHARACTER_SET_RESULTS=@OLD_CHARACTER_SET_RESULTS */;
/*!40101 SET COLLATION_CONNECTION=@OLD_COLLATION_CONNECTION */;
/*!40111 SET SQL_NOTES=@OLD_SQL_NOTES */;

-- Dump completed on 2025-11-12 17:44:20
